,0,1,2,3,4,5,6,7,8,9,10,11,12,13,14,15,16,17,18,19,20,21,22,23,24,25,26,27,28,29,30,31,32,33,34,35,36,37,38,39,40
0,synSNP:913,synSNP:3037,orf1ab:1001,orf1ab:1708,synSNP:5986,orf1ab:2230,synSNP:12970,orf1ab:4715,synSNP:14676,synSNP:15279,synSNP:16176,S:501,S:570,S:614,S:681,S:716,S:982,S:1118,ORF3a:44,ORF3a:254,ORF8:27,ORF8:52,ORF8:73,N:3,synSNP:28312,N:203,N:204,N:235,random,random,random,random,random,random,random,random,random,random,random,random,random
1,synSNP:445,synSNP:1057,synSNP:3037,orf1ab:1283,synSNP:6286,orf1ab:2273,orf1ab:3711,synSNP:11747,synSNP:11773,orf1ab:4715,synSNP:21255,S:18,S:222,S:614,S:1107,synSNP:26801,synSNP:27944,N:220,ORF10:30,random,random,random,random,random,random,random,random,random,random,random,random,random,random,random,random,random,random,random,random,random,random
2,synSNP:913,synSNP:1699,orf1ab:730,synSNP:3037,orf1ab:1001,orf1ab:1708,synSNP:5986,orf1ab:2230,synSNP:8512,synSNP:11572,orf1ab:4715,synSNP:14676,synSNP:15279,synSNP:16176,S:501,S:570,S:614,synSNP:23536,S:681,S:716,S:982,S:1118,ORF8:10,ORF8:27,ORF8:52,ORF8:73,N:3,N:203,N:204,N:235,random,random,random,random,random,random,random,random,random,random,random
3,synSNP:913,orf1ab:254,synSNP:3037,orf1ab:1001,orf1ab:1611,orf1ab:1708,synSNP:5986,orf1ab:2230,orf1ab:3966,orf1ab:4715,synSNP:14676,synSNP:15279,synSNP:16176,orf1ab:5784,S:501,S:570,S:614,S:681,S:716,S:982,S:1118,ORF8:27,ORF8:52,ORF8:73,N:3,N:203,N:204,N:235,random,random,random,random,random,random,random,random,random,random,random,random,random
4,synSNP:913,orf1ab:730,synSNP:3037,orf1ab:1001,orf1ab:1291,orf1ab:1708,synSNP:5986,orf1ab:2230,orf1ab:4715,synSNP:14676,synSNP:15279,synSNP:16176,synSNP:17865,orf1ab:6977,S:501,S:570,S:614,S:681,S:716,S:982,S:1118,ORF8:27,ORF8:52,ORF8:73,N:3,N:203,N:204,N:235,random,random,random,random,random,random,random,random,random,random,random,random,random
5,synSNP:913,synSNP:3037,orf1ab:1001,orf1ab:1708,synSNP:5986,orf1ab:2230,orf1ab:4715,synSNP:14676,synSNP:15279,synSNP:16176,S:501,S:570,S:614,S:681,S:716,S:982,S:1118,ORF8:27,ORF8:52,ORF8:73,N:3,N:203,N:204,N:235,random,random,random,random,random,random,random,random,random,random,random,random,random,random,random,random,random
6,synSNP:913,synSNP:3037,orf1ab:1001,orf1ab:1125,orf1ab:1708,synSNP:5986,orf1ab:2230,synSNP:8326,synSNP:10243,orf1ab:3694,orf1ab:4265,orf1ab:4715,synSNP:14676,synSNP:15279,synSNP:16176,S:501,S:570,S:614,S:681,S:716,S:982,S:1118,ORF8:27,ORF8:52,ORF8:73,N:3,N:203,N:204,N:235,random,random,random,random,random,random,random,random,random,random,random,random
7,synSNP:913,orf1ab:460,synSNP:2305,synSNP:3037,orf1ab:1001,orf1ab:1708,synSNP:5986,orf1ab:2230,orf1ab:4715,synSNP:14676,synSNP:15279,synSNP:16176,S:501,S:570,S:614,S:622,S:681,S:716,S:982,S:1118,ORF8:27,ORF8:52,ORF8:68,ORF8:73,ORF8:118,N:3,N:203,N:204,N:235,random,random,random,random,random,random,random,random,random,random,random,random
8,synSNP:913,synSNP:2791,synSNP:3037,orf1ab:1001,orf1ab:1708,synSNP:5986,orf1ab:2230,orf1ab:2607,orf1ab:4715,synSNP:14676,synSNP:15279,synSNP:16176,orf1ab:5784,synSNP:19170,orf1ab:6898,S:501,S:570,S:614,S:681,S:716,S:778,S:982,S:1118,ORF8:27,ORF8:52,ORF8:73,N:3,N:203,N:204,N:235,random,random,random,random,random,random,random,random,random,random,random
9,synSNP:913,synSNP:3037,orf1ab:1001,orf1ab:1708,synSNP:5986,orf1ab:2230,orf1ab:4715,synSNP:14676,synSNP:15279,synSNP:16176,orf1ab:6528,S:501,S:570,S:614,S:681,S:716,S:982,S:1118,ORF3a:64,ORF8:27,ORF8:52,ORF8:73,N:3,N:203,N:204,N:235,random,random,random,random,random,random,random,random,random,random,random,random,random,random,random
10,synSNP:913,synSNP:2110,synSNP:3037,orf1ab:1001,orf1ab:1708,synSNP:5986,orf1ab:2230,synSNP:8821,orf1ab:4619,orf1ab:4715,synSNP:14676,synSNP:15279,synSNP:16176,synSNP:18087,orf1ab:6304,S:501,S:570,S:614,S:681,S:716,S:982,S:1118,ORF8:27,ORF8:52,ORF8:68,ORF8:73,N:3,N:203,N:204,N:235,random,random,random,random,random,random,random,random,random,random,random
11,synSNP:913,synSNP:3037,orf1ab:1001,synSNP:5144,orf1ab:1708,synSNP:5986,synSNP:6286,orf1ab:2230,orf1ab:4031,synSNP:12865,orf1ab:4715,synSNP:14676,synSNP:15096,synSNP:15279,synSNP:16176,synSNP:17325,S:501,S:570,S:614,S:681,S:716,S:982,S:1118,ORF7a:120,ORF8:27,ORF8:52,ORF8:68,ORF8:73,N:3,N:200,N:203,N:204,N:235,random,random,random,random,random,random,random,random
12,synSNP:2137,synSNP:3037,orf1ab:1001,orf1ab:1708,synSNP:5986,orf1ab:2230,orf1ab:4715,synSNP:14676,synSNP:15279,synSNP:16176,orf1ab:5833,S:501,S:570,S:614,S:681,S:716,S:982,S:1118,ORF8:27,ORF8:52,ORF8:73,N:3,N:203,N:204,N:235,random,random,random,random,random,random,random,random,random,random,random,random,random,random,random,random
13,orf1ab:144,synSNP:913,orf1ab:460,synSNP:3037,orf1ab:1001,orf1ab:1215,synSNP:4582,orf1ab:1708,synSNP:5986,orf1ab:2230,orf1ab:2584,orf1ab:4715,synSNP:14676,synSNP:15279,synSNP:16176,S:501,S:570,S:614,S:681,S:716,S:982,S:1118,ORF8:27,ORF8:52,ORF8:68,ORF8:73,ORF8:118,N:3,N:203,N:204,N:235,random,random,random,random,random,random,random,random,random,random
14,synSNP:913,synSNP:2110,synSNP:3037,orf1ab:1001,orf1ab:1708,synSNP:5986,orf1ab:2230,orf1ab:4619,orf1ab:4715,synSNP:14676,synSNP:15279,synSNP:16176,S:151,S:501,S:570,S:614,S:681,S:716,S:982,S:1118,ORF8:27,ORF8:52,ORF8:68,ORF8:73,N:3,synSNP:28877,synSNP:28878,N:203,N:204,N:235,synSNP:29500,random,random,random,random,random,random,random,random,random,random
15,synSNP:583,synSNP:913,synSNP:3037,orf1ab:971,orf1ab:1001,orf1ab:1708,synSNP:5986,orf1ab:2230,synSNP:10253,orf1ab:4715,synSNP:14676,synSNP:15279,synSNP:16176,S:501,S:570,S:614,S:681,S:716,S:982,S:1118,synSNP:25114,ORF3a:26,ORF8:27,ORF8:52,ORF8:73,N:3,N:203,N:204,N:235,random,random,random,random,random,random,random,random,random,random,random,random
16,synSNP:913,orf1ab:730,synSNP:3037,orf1ab:1001,orf1ab:1708,synSNP:5986,orf1ab:2114,orf1ab:2230,synSNP:8845,orf1ab:4715,synSNP:14676,synSNP:15279,synSNP:16176,orf1ab:5956,S:418,S:501,S:570,S:572,S:614,S:681,S:716,S:982,S:1118,ORF8:27,ORF8:52,ORF8:73,ORF8:75,N:3,N:203,N:204,N:235,random,random,random,random,random,random,random,random,random,random
17,synSNP:313,synSNP:913,synSNP:2695,synSNP:3037,orf1ab:1001,orf1ab:1708,synSNP:5986,orf1ab:2230,orf1ab:2780,synSNP:9133,orf1ab:4715,synSNP:14676,synSNP:15279,synSNP:16176,orf1ab:5784,synSNP:20946,S:501,S:570,S:614,S:681,S:716,S:982,S:1118,ORF3a:15,ORF8:27,ORF8:52,ORF8:73,N:3,N:203,N:204,N:235,random,random,random,random,random,random,random,random,random,random
18,synSNP:913,synSNP:2110,synSNP:3037,orf1ab:1001,orf1ab:1708,synSNP:5986,orf1ab:2230,orf1ab:4619,orf1ab:4715,synSNP:14676,synSNP:15279,synSNP:16176,S:490,S:501,S:570,S:614,S:681,S:716,S:982,S:1118,ORF8:27,ORF8:52,ORF8:68,ORF8:73,N:3,N:203,N:204,N:235,random,random,random,random,random,random,random,random,random,random,random,random,random
19,synSNP:913,synSNP:3037,orf1ab:1001,orf1ab:1708,synSNP:5986,orf1ab:2230,orf1ab:4715,synSNP:14676,synSNP:15279,synSNP:16176,S:501,S:570,S:614,S:681,S:716,S:982,S:1118,ORF3a:134,M:2,synSNP:27384,ORF8:27,ORF8:52,ORF8:73,N:3,N:203,N:204,N:235,random,random,random,random,random,random,random,random,random,random,random,random,random,random
20,synSNP:913,synSNP:3037,orf1ab:1001,orf1ab:1708,synSNP:5986,orf1ab:2138,orf1ab:2230,orf1ab:2493,orf1ab:4715,synSNP:14676,synSNP:15279,synSNP:16176,orf1ab:5784,S:299,S:501,S:570,S:614,S:681,S:716,S:982,S:1118,M:70,ORF8:27,ORF8:52,ORF8:73,N:3,N:203,N:204,N:235,random,random,random,random,random,random,random,random,random,random,random,random
21,synSNP:913,synSNP:949,synSNP:2110,synSNP:3037,orf1ab:926,orf1ab:1001,orf1ab:1708,synSNP:5986,orf1ab:2230,synSNP:9127,orf1ab:4182,orf1ab:4619,orf1ab:4715,synSNP:14676,synSNP:15279,synSNP:16176,S:501,S:570,S:614,S:681,S:716,S:982,S:1118,ORF8:27,ORF8:52,ORF8:68,ORF8:73,N:3,N:139,N:203,N:204,N:235,random,random,random,random,random,random,random,random,random
22,synSNP:913,synSNP:2110,synSNP:3037,orf1ab:1001,orf1ab:1708,synSNP:5986,orf1ab:2230,orf1ab:3209,synSNP:10519,synSNP:11074,orf1ab:4182,orf1ab:4619,orf1ab:4715,synSNP:14676,synSNP:15279,synSNP:16176,orf1ab:5971,S:501,S:570,S:614,S:681,S:716,S:982,S:1118,ORF8:27,ORF8:52,ORF8:68,ORF8:73,N:3,N:203,N:204,N:235,random,random,random,random,random,random,random,random,random
23,synSNP:913,orf1ab:669,synSNP:3037,orf1ab:1001,orf1ab:1708,synSNP:5986,orf1ab:2230,synSNP:12076,orf1ab:4715,synSNP:14676,synSNP:15279,synSNP:16176,S:501,S:570,S:614,S:681,S:716,S:982,S:1118,ORF8:27,ORF8:52,ORF8:73,N:3,N:203,N:204,N:235,random,random,random,random,random,random,random,random,random,random,random,random,random,random,random
24,synSNP:913,orf1ab:322,synSNP:3037,orf1ab:1001,orf1ab:1708,synSNP:5986,orf1ab:2230,orf1ab:4715,synSNP:14676,synSNP:15279,synSNP:16176,orf1ab:5784,S:501,S:570,S:614,S:681,S:716,S:982,S:1118,ORF8:27,ORF8:52,ORF8:73,N:3,N:203,N:204,N:235,random,random,random,random,random,random,random,random,random,random,random,random,random,random,random
25,synSNP:292,synSNP:913,synSNP:3037,orf1ab:1001,synSNP:4285,orf1ab:1708,synSNP:5986,orf1ab:2230,orf1ab:4715,synSNP:14676,synSNP:15279,synSNP:16176,S:501,S:570,S:614,S:681,S:716,S:982,S:1118,synSNP:25626,ORF8:27,ORF8:52,ORF8:73,N:3,N:203,N:204,N:235,random,random,random,random,random,random,random,random,random,random,random,random,random,random
26,synSNP:913,synSNP:3037,orf1ab:1001,orf1ab:1708,synSNP:5986,orf1ab:2230,orf1ab:4715,synSNP:14676,synSNP:15279,synSNP:16176,orf1ab:5784,orf1ab:6272,synSNP:19854,S:501,S:570,S:614,S:681,S:716,S:982,S:1118,ORF8:27,ORF8:52,ORF8:73,N:3,N:203,N:204,N:235,random,random,random,random,random,random,random,random,random,random,random,random,random,random
27,synSNP:913,orf1ab:730,synSNP:3037,orf1ab:1001,orf1ab:1708,synSNP:5986,orf1ab:2230,synSNP:10039,orf1ab:4715,synSNP:14676,synSNP:15279,synSNP:16176,S:501,S:570,S:614,S:681,S:716,S:982,S:1118,ORF7a:116,ORF8:27,ORF8:52,ORF8:73,N:3,N:203,N:204,N:235,random,random,random,random,random,random,random,random,random,random,random,random,random,random
28,synSNP:913,synSNP:3037,orf1ab:1001,orf1ab:1708,synSNP:5986,orf1ab:2230,orf1ab:2278,orf1ab:4715,synSNP:14676,synSNP:15279,synSNP:16176,orf1ab:5784,orf1ab:6272,synSNP:19854,S:501,S:570,S:614,S:681,S:716,S:982,S:1118,ORF8:27,ORF8:52,ORF8:73,N:3,N:203,N:204,N:235,random,random,random,random,random,random,random,random,random,random,random,random,random
29,synSNP:445,orf1ab:396,synSNP:3037,synSNP:6286,synSNP:7837,synSNP:11095,orf1ab:4715,synSNP:18891,synSNP:21255,S:18,S:222,S:614,synSNP:24334,synSNP:26801,synSNP:27944,N:220,ORF10:30,random,random,random,random,random,random,random,random,random,random,random,random,random,random,random,random,random,random,random,random,random,random,random,random
30,synSNP:913,synSNP:3037,orf1ab:1001,orf1ab:1708,synSNP:5986,orf1ab:2230,orf1ab:4715,synSNP:14676,synSNP:15279,synSNP:16176,S:501,S:570,S:614,S:681,S:716,S:982,S:1118,ORF8:27,ORF8:52,ORF8:73,N:3,N:203,N:204,N:235,random,random,random,random,random,random,random,random,random,random,random,random,random,random,random,random,random
31,orf1ab:144,synSNP:913,orf1ab:460,synSNP:3037,orf1ab:1001,synSNP:4582,orf1ab:1708,synSNP:5986,orf1ab:2230,orf1ab:3644,orf1ab:4715,synSNP:14676,synSNP:15279,synSNP:16176,S:501,S:570,S:614,S:681,S:716,S:982,S:1118,S:1263,ORF8:27,ORF8:52,ORF8:68,ORF8:73,ORF8:118,N:3,N:203,N:204,N:235,random,random,random,random,random,random,random,random,random,random
32,synSNP:913,synSNP:3037,orf1ab:1001,synSNP:4246,orf1ab:1708,synSNP:5986,orf1ab:2181,orf1ab:2230,orf1ab:4715,synSNP:14676,synSNP:15279,synSNP:16176,orf1ab:5784,orf1ab:6272,synSNP:19854,synSNP:22916,S:501,S:570,synSNP:23323,S:614,S:681,S:716,S:982,S:1118,ORF3a:90,ORF8:27,ORF8:52,ORF8:73,N:3,N:203,N:204,N:235,random,random,random,random,random,random,random,random,random
33,synSNP:913,orf1ab:460,synSNP:2473,synSNP:3037,orf1ab:1001,synSNP:4900,orf1ab:1708,synSNP:5986,orf1ab:2230,orf1ab:4715,synSNP:14676,synSNP:15279,synSNP:16176,S:501,S:570,S:614,S:681,S:716,S:982,S:1118,ORF8:27,ORF8:52,ORF8:68,ORF8:73,N:3,N:203,N:204,N:235,random,random,random,random,random,random,random,random,random,random,random,random,random
34,synSNP:445,synSNP:3037,synSNP:6286,orf1ab:2554,synSNP:9745,orf1ab:3220,orf1ab:4715,synSNP:21255,S:222,S:614,ORF3a:99,synSNP:26801,ORF6:59,synSNP:27944,N:220,ORF10:30,random,random,random,random,random,random,random,random,random,random,random,random,random,random,random,random,random,random,random,random,random,random,random,random,random
35,synSNP:913,synSNP:1501,synSNP:3037,orf1ab:1001,orf1ab:1708,synSNP:5986,orf1ab:2230,orf1ab:4387,orf1ab:4715,synSNP:14676,synSNP:15279,synSNP:16176,orf1ab:5784,S:142,S:246,S:501,S:570,S:614,S:681,S:716,synSNP:24385,S:982,S:1118,synSNP:25096,synSNP:25413,ORF8:27,ORF8:52,ORF8:73,N:3,N:203,N:204,N:235,random,random,random,random,random,random,random,random,random
36,synSNP:913,synSNP:3037,orf1ab:1001,orf1ab:1125,orf1ab:1708,synSNP:5986,orf1ab:2230,orf1ab:4265,orf1ab:4715,synSNP:14676,synSNP:15279,synSNP:16176,S:501,S:570,S:614,S:681,S:716,S:982,S:1118,ORF8:27,ORF8:52,ORF8:73,N:3,N:203,N:204,N:235,random,random,random,random,random,random,random,random,random,random,random,random,random,random,random
37,synSNP:913,orf1ab:730,synSNP:3037,orf1ab:1001,orf1ab:1708,synSNP:5986,orf1ab:2230,orf1ab:2900,orf1ab:3352,orf1ab:4715,synSNP:14676,synSNP:15279,synSNP:16176,S:138,S:501,S:570,S:614,S:681,S:716,S:982,S:1118,M:125,ORF8:27,ORF8:52,ORF8:73,N:3,N:203,N:204,N:235,random,random,random,random,random,random,random,random,random,random,random,random
38,synSNP:445,synSNP:3037,synSNP:6286,orf1ab:2554,synSNP:8179,orf1ab:4577,orf1ab:4715,orf1ab:4912,orf1ab:5624,orf1ab:6130,synSNP:19524,synSNP:21255,S:18,S:222,S:614,ORF3a:172,synSNP:26801,synSNP:27944,N:220,ORF10:30,random,random,random,random,random,random,random,random,random,random,random,random,random,random,random,random,random,random,random,random,random
39,synSNP:913,orf1ab:730,synSNP:3037,orf1ab:1001,orf1ab:1708,synSNP:5986,orf1ab:2230,orf1ab:3939,orf1ab:4715,synSNP:14676,synSNP:15279,synSNP:16176,S:501,S:570,S:614,S:681,S:716,S:982,S:1118,ORF3a:99,ORF3a:150,ORF8:27,ORF8:52,ORF8:73,N:3,N:203,N:204,N:235,random,random,random,random,random,random,random,random,random,random,random,random,random
40,synSNP:913,synSNP:1060,synSNP:3037,orf1ab:971,orf1ab:1001,orf1ab:1708,synSNP:5986,orf1ab:2230,orf1ab:4715,synSNP:14676,synSNP:15279,synSNP:16176,S:501,S:570,S:614,S:681,S:716,S:982,S:1118,synSNP:26753,ORF8:27,ORF8:52,ORF8:73,N:3,N:203,N:204,N:235,random,random,random,random,random,random,random,random,random,random,random,random,random,random
41,synSNP:913,synSNP:3037,orf1ab:1001,synSNP:3619,orf1ab:1708,synSNP:5986,orf1ab:2230,synSNP:10894,synSNP:11020,orf1ab:4715,synSNP:14478,synSNP:14676,synSNP:15279,synSNP:16176,S:18,S:501,S:570,S:614,S:681,S:716,S:982,S:1118,synSNP:25006,ORF8:27,ORF8:52,ORF8:73,N:3,N:203,N:204,N:235,random,random,random,random,random,random,random,random,random,random,random
42,synSNP:913,synSNP:3037,orf1ab:1001,orf1ab:1708,synSNP:5986,orf1ab:2183,orf1ab:2230,orf1ab:2780,synSNP:8947,orf1ab:3129,orf1ab:4715,synSNP:14676,synSNP:15279,synSNP:16176,orf1ab:5784,orf1ab:6623,S:501,S:570,S:614,S:681,S:716,S:982,S:1118,ORF3a:15,ORF7a:44,ORF8:27,ORF8:52,ORF8:73,N:3,N:203,N:204,N:235,random,random,random,random,random,random,random,random,random
43,synSNP:913,synSNP:3037,orf1ab:1001,orf1ab:1708,synSNP:5986,orf1ab:2230,synSNP:10252,orf1ab:4715,synSNP:14676,synSNP:15279,synSNP:16176,S:501,S:570,S:614,S:681,S:716,S:982,S:1118,ORF8:27,ORF8:52,ORF8:73,N:3,N:203,N:204,N:235,random,random,random,random,random,random,random,random,random,random,random,random,random,random,random,random
44,synSNP:445,synSNP:3037,orf1ab:1102,synSNP:6286,orf1ab:4715,synSNP:14529,synSNP:21255,S:18,S:222,S:614,synSNP:24040,ORF3a:114,synSNP:26801,synSNP:27944,ORF10:30,random,random,random,random,random,random,random,random,random,random,random,random,random,random,random,random,random,random,random,random,random,random,random,random,random,random
45,synSNP:913,synSNP:3037,orf1ab:1001,orf1ab:1708,synSNP:5986,orf1ab:2230,orf1ab:2780,orf1ab:4715,synSNP:14676,synSNP:15279,synSNP:16176,orf1ab:5377,orf1ab:5784,synSNP:21736,S:501,S:570,S:614,S:681,S:716,S:982,S:1118,ORF3a:15,ORF8:27,ORF8:52,ORF8:73,N:3,N:203,N:204,N:235,random,random,random,random,random,random,random,random,random,random,random,random
46,synSNP:913,synSNP:3037,orf1ab:1001,orf1ab:1708,synSNP:5986,orf1ab:2230,synSNP:6968,orf1ab:4715,synSNP:14676,synSNP:15279,synSNP:16176,S:501,S:570,S:614,S:681,S:706,S:716,S:982,S:1118,ORF8:27,ORF8:52,ORF8:68,ORF8:73,N:3,N:203,N:204,N:235,random,random,random,random,random,random,random,random,random,random,random,random,random,random
47,synSNP:913,synSNP:3037,orf1ab:971,orf1ab:1001,orf1ab:1708,synSNP:5986,orf1ab:2230,orf1ab:3759,synSNP:14676,synSNP:15279,synSNP:16176,S:501,S:570,S:614,S:681,S:716,S:982,S:1118,ORF8:27,ORF8:52,ORF8:73,N:3,N:203,N:204,N:235,random,random,random,random,random,random,random,random,random,random,random,random,random,random,random,random
48,synSNP:1063,synSNP:1825,synSNP:3037,synSNP:4543,synSNP:5629,synSNP:7288,orf1ab:3087,synSNP:11497,orf1ab:4577,orf1ab:4715,orf1ab:5168,orf1ab:5542,orf1ab:5585,synSNP:18877,synSNP:21306,S:477,S:614,ORF3a:57,synSNP:25710,synSNP:26735,synSNP:26876,synSNP:27059,N:234,N:376,random,random,random,random,random,random,random,random,random,random,random,random,random,random,random,random,random
49,synSNP:913,synSNP:3037,orf1ab:971,orf1ab:1001,orf1ab:1708,synSNP:5986,orf1ab:2230,orf1ab:3012,orf1ab:4715,synSNP:14676,synSNP:15279,synSNP:16176,S:501,S:570,S:614,S:681,S:716,S:982,S:1118,ORF8:27,ORF8:52,ORF8:73,N:3,N:203,N:204,N:235,random,random,random,random,random,random,random,random,random,random,random,random,random,random,random
50,synSNP:913,orf1ab:730,synSNP:3037,orf1ab:1001,synSNP:5284,orf1ab:1708,synSNP:5986,orf1ab:2230,orf1ab:4715,synSNP:14676,synSNP:15279,synSNP:16176,S:501,synSNP:23185,S:570,S:614,S:681,S:716,S:982,S:1118,synSNP:27597,ORF8:27,ORF8:52,ORF8:73,N:3,N:203,N:204,N:235,random,random,random,random,random,random,random,random,random,random,random,random,random
51,synSNP:913,synSNP:3037,orf1ab:1001,orf1ab:1708,orf1ab:1895,synSNP:5986,orf1ab:2230,orf1ab:3752,synSNP:12970,orf1ab:4715,synSNP:14676,synSNP:15279,synSNP:16176,S:501,S:570,S:614,S:681,S:716,S:982,S:1118,ORF8:27,ORF8:52,ORF8:73,N:3,N:203,N:204,N:235,random,random,random,random,random,random,random,random,random,random,random,random,random,random
52,synSNP:913,synSNP:3037,orf1ab:1001,orf1ab:1708,synSNP:5986,orf1ab:2230,synSNP:7675,orf1ab:2780,orf1ab:4715,synSNP:14676,synSNP:15279,synSNP:16176,orf1ab:5784,S:501,S:570,S:614,S:681,S:716,S:982,S:1118,ORF3a:15,ORF8:27,ORF8:52,ORF8:73,N:3,N:203,N:204,N:235,random,random,random,random,random,random,random,random,random,random,random,random,random
53,synSNP:913,synSNP:3037,orf1ab:1001,orf1ab:1708,synSNP:5986,orf1ab:2230,orf1ab:3395,orf1ab:3705,orf1ab:4715,synSNP:14676,synSNP:15279,synSNP:16176,S:501,S:570,S:614,S:681,S:716,S:982,S:1118,ORF8:27,ORF8:52,ORF8:73,N:3,N:203,N:204,N:235,random,random,random,random,random,random,random,random,random,random,random,random,random,random,random
54,orf1ab:4,synSNP:913,orf1ab:730,synSNP:3037,orf1ab:1001,orf1ab:1708,synSNP:5986,orf1ab:2230,orf1ab:4715,synSNP:14676,synSNP:15279,synSNP:16176,synSNP:18888,S:501,S:570,S:614,S:681,S:716,S:982,S:1118,ORF8:27,ORF8:52,ORF8:73,N:3,N:203,N:204,N:235,random,random,random,random,random,random,random,random,random,random,random,random,random,random
55,synSNP:913,synSNP:3037,orf1ab:1001,orf1ab:1708,synSNP:5986,orf1ab:2230,synSNP:8293,orf1ab:4715,synSNP:14676,synSNP:15279,synSNP:16176,synSNP:16308,S:501,S:570,S:614,S:681,S:716,S:982,S:1118,ORF8:27,ORF8:52,ORF8:73,N:3,N:203,N:204,N:235,random,random,random,random,random,random,random,random,random,random,random,random,random,random,random
56,synSNP:913,synSNP:3037,orf1ab:1001,orf1ab:1708,synSNP:5986,orf1ab:2230,orf1ab:4715,synSNP:14676,synSNP:15279,synSNP:16176,S:5,S:501,S:570,S:614,S:681,S:716,S:982,S:1118,ORF8:27,ORF8:52,ORF8:73,N:3,N:203,N:204,N:235,random,random,random,random,random,random,random,random,random,random,random,random,random,random,random,random
57,synSNP:823,orf1ab:265,synSNP:2113,synSNP:3037,orf1ab:1312,synSNP:7303,orf1ab:2508,orf1ab:2667,orf1ab:3352,orf1ab:4176,orf1ab:4715,orf1ab:5692,orf1ab:6054,orf1ab:6375,orf1ab:7014,S:614,synSNP:23533,S:681,ORF3a:57,ORF3a:172,ORF3a:223,ORF8:24,N:67,N:199,random,random,random,random,random,random,random,random,random,random,random,random,random,random,random,random,random
58,synSNP:913,synSNP:3037,orf1ab:1001,orf1ab:1708,synSNP:5884,synSNP:5986,orf1ab:2230,synSNP:11020,orf1ab:4715,synSNP:14478,synSNP:14676,synSNP:15279,orf1ab:5300,synSNP:16176,orf1ab:6252,S:18,S:501,S:570,S:614,S:681,S:716,S:982,S:1118,ORF8:27,ORF8:52,ORF8:73,N:3,N:203,N:204,N:235,random,random,random,random,random,random,random,random,random,random,random
59,synSNP:445,orf1ab:446,synSNP:3037,orf1ab:1024,synSNP:5335,synSNP:6286,synSNP:9448,synSNP:13719,orf1ab:4715,synSNP:21255,S:18,S:222,S:255,synSNP:23287,S:614,synSNP:24334,synSNP:26801,synSNP:27131,ORF7a:39,synSNP:27944,N:220,ORF10:30,random,random,random,random,random,random,random,random,random,random,random,random,random,random,random,random,random,random,random
60,synSNP:913,synSNP:3037,orf1ab:1001,synSNP:4573,orf1ab:1708,synSNP:5986,orf1ab:2230,orf1ab:4715,synSNP:14676,synSNP:15279,synSNP:16176,orf1ab:5784,synSNP:19170,S:501,S:570,S:614,S:681,S:716,S:982,S:1118,ORF8:27,ORF8:52,ORF8:65,ORF8:73,N:3,N:203,N:204,N:235,random,random,random,random,random,random,random,random,random,random,random,random,random
61,synSNP:913,synSNP:3037,orf1ab:1001,orf1ab:1708,synSNP:5986,orf1ab:2230,orf1ab:4715,synSNP:14676,synSNP:15279,synSNP:16176,S:501,S:570,S:614,S:681,S:716,S:982,S:1118,ORF8:87,N:3,N:203,N:204,N:235,random,random,random,random,random,random,random,random,random,random,random,random,random,random,random,random,random,random,random
62,synSNP:445,orf1ab:454,orf1ab:669,synSNP:3037,synSNP:6286,synSNP:7564,synSNP:12880,orf1ab:4715,orf1ab:5103,orf1ab:6680,synSNP:21255,S:222,S:262,S:272,S:614,synSNP:26801,N:220,N:279,N:352,ORF10:30,random,random,random,random,random,random,random,random,random,random,random,random,random,random,random,random,random,random,random,random,random
63,synSNP:913,synSNP:3037,orf1ab:1001,orf1ab:1521,orf1ab:1708,synSNP:5986,orf1ab:2230,orf1ab:3310,orf1ab:4715,synSNP:14676,synSNP:15279,orf1ab:5195,synSNP:16176,S:501,S:570,S:614,S:681,S:716,S:982,S:1118,ORF3a:61,ORF8:27,ORF8:52,ORF8:73,N:3,N:203,N:204,N:235,random,random,random,random,random,random,random,random,random,random,random,random,random
64,synSNP:913,synSNP:3037,orf1ab:971,orf1ab:1001,orf1ab:1708,synSNP:5986,orf1ab:2230,orf1ab:3012,orf1ab:4715,synSNP:14676,synSNP:15279,synSNP:16176,S:501,synSNP:23086,S:570,S:614,S:681,S:716,S:982,S:1118,ORF8:27,ORF8:52,ORF8:73,N:3,N:203,N:204,N:235,random,random,random,random,random,random,random,random,random,random,random,random,random,random
65,synSNP:913,synSNP:1912,synSNP:3037,orf1ab:1001,orf1ab:1125,orf1ab:1708,synSNP:5986,orf1ab:2230,orf1ab:4715,synSNP:14676,synSNP:15279,synSNP:16176,synSNP:20823,synSNP:21691,S:501,S:570,S:614,S:681,S:716,S:982,S:1118,ORF8:27,ORF8:52,ORF8:73,N:3,N:203,N:204,N:235,random,random,random,random,random,random,random,random,random,random,random,random,random
66,synSNP:913,synSNP:3037,orf1ab:1001,orf1ab:1708,synSNP:5986,orf1ab:2230,orf1ab:4715,synSNP:14676,synSNP:15279,synSNP:16176,orf1ab:5784,S:501,S:570,S:614,S:681,S:716,S:982,S:1118,M:77,ORF8:27,ORF8:52,ORF8:73,N:3,N:203,N:204,N:235,random,random,random,random,random,random,random,random,random,random,random,random,random,random,random
67,synSNP:643,synSNP:913,synSNP:2659,synSNP:3037,orf1ab:1001,orf1ab:1708,synSNP:5986,orf1ab:2230,synSNP:13459,orf1ab:4715,synSNP:14676,synSNP:15279,synSNP:16176,orf1ab:6937,S:501,S:570,S:614,S:681,S:716,S:982,S:1118,ORF8:27,ORF8:52,ORF8:73,N:3,N:203,N:204,N:235,random,random,random,random,random,random,random,random,random,random,random,random,random
68,synSNP:913,synSNP:3037,orf1ab:1001,orf1ab:1708,synSNP:5986,orf1ab:2230,orf1ab:3752,synSNP:12970,orf1ab:4715,synSNP:14676,synSNP:15279,synSNP:16176,S:214,S:501,S:570,S:614,S:681,S:716,S:982,S:1118,ORF8:27,ORF8:52,ORF8:73,N:3,N:203,N:204,N:235,random,random,random,random,random,random,random,random,random,random,random,random,random,random
69,synSNP:913,synSNP:3037,orf1ab:1001,orf1ab:1708,synSNP:5986,orf1ab:2230,orf1ab:2538,orf1ab:4501,orf1ab:4715,synSNP:14676,synSNP:15279,synSNP:16176,S:219,S:501,S:570,S:614,S:681,S:716,S:982,S:1118,ORF8:27,ORF8:52,ORF8:73,N:3,N:203,N:204,N:235,random,random,random,random,random,random,random,random,random,random,random,random,random,random
70,synSNP:913,orf1ab:771,synSNP:3037,orf1ab:1001,orf1ab:1708,synSNP:5986,orf1ab:2230,synSNP:12970,orf1ab:4715,synSNP:14676,synSNP:15279,synSNP:16176,S:501,S:570,S:614,S:681,S:716,S:812,S:982,S:1118,ORF3a:16,synSNP:27932,ORF8:27,ORF8:52,ORF8:73,N:3,N:203,N:204,N:235,random,random,random,random,random,random,random,random,random,random,random,random
71,orf1ab:144,synSNP:913,orf1ab:460,synSNP:3037,orf1ab:1001,synSNP:4582,orf1ab:1708,synSNP:5986,orf1ab:2230,orf1ab:4715,synSNP:14676,synSNP:15279,synSNP:16176,S:501,S:570,S:614,S:681,S:716,S:982,S:1118,ORF8:27,ORF8:52,ORF8:68,ORF8:73,ORF8:118,N:3,N:203,N:204,N:235,random,random,random,random,random,random,random,random,random,random,random,random
72,synSNP:913,orf1ab:730,synSNP:3037,orf1ab:1001,orf1ab:1708,synSNP:5986,orf1ab:2230,orf1ab:4715,synSNP:14676,synSNP:15279,synSNP:16176,synSNP:21306,S:138,S:501,S:570,S:614,S:681,S:716,S:982,S:1118,ORF8:27,ORF8:52,ORF8:73,N:3,N:203,N:204,N:235,synSNP:29188,random,random,random,random,random,random,random,random,random,random,random,random,random
73,synSNP:445,synSNP:3037,synSNP:6286,synSNP:10681,orf1ab:4715,orf1ab:5005,synSNP:21255,S:18,S:222,S:614,synSNP:24334,synSNP:26801,synSNP:27944,N:220,ORF10:30,random,random,random,random,random,random,random,random,random,random,random,random,random,random,random,random,random,random,random,random,random,random,random,random,random,random
74,orf1ab:360,orf1ab:876,synSNP:3037,synSNP:4291,orf1ab:2269,synSNP:7948,synSNP:8326,synSNP:8683,synSNP:10585,orf1ab:4715,orf1ab:5048,synSNP:16260,synSNP:16954,orf1ab:6533,orf1ab:6566,synSNP:21637,S:222,S:614,synSNP:28169,N:9,N:203,N:204,random,random,random,random,random,random,random,random,random,random,random,random,random,random,random,random,random,random,random
75,synSNP:913,synSNP:2137,synSNP:3037,orf1ab:1001,orf1ab:1708,synSNP:5986,orf1ab:2230,synSNP:12760,synSNP:14676,synSNP:15279,synSNP:16176,synSNP:21847,S:417,S:501,S:570,S:614,S:681,S:716,S:982,S:1118,synSNP:27663,ORF8:27,ORF8:52,ORF8:73,N:3,N:203,N:204,N:235,random,random,random,random,random,random,random,random,random,random,random,random,random
76,synSNP:445,synSNP:1513,synSNP:3037,synSNP:4543,synSNP:6286,synSNP:11747,orf1ab:4715,synSNP:21255,S:222,S:262,S:272,S:614,synSNP:25000,ORF3a:21,ORF3a:54,synSNP:26801,synSNP:27143,N:220,ORF10:30,random,random,random,random,random,random,random,random,random,random,random,random,random,random,random,random,random,random,random,random,random,random
77,synSNP:913,synSNP:3037,orf1ab:1001,synSNP:5144,orf1ab:1708,synSNP:5986,orf1ab:2230,orf1ab:4031,synSNP:12865,orf1ab:4502,orf1ab:4715,synSNP:14676,synSNP:15096,synSNP:15279,synSNP:16176,S:501,S:570,S:614,S:681,S:716,S:982,S:1118,ORF8:27,ORF8:52,ORF8:68,ORF8:73,N:3,N:200,N:203,N:204,N:235,random,random,random,random,random,random,random,random,random,random
78,synSNP:913,synSNP:3037,orf1ab:1001,orf1ab:1708,synSNP:5986,orf1ab:2230,orf1ab:4715,synSNP:14676,synSNP:15279,synSNP:16176,S:501,S:570,S:614,S:681,S:716,S:982,S:1118,ORF8:27,ORF8:52,ORF8:73,N:3,N:203,N:204,N:235,random,random,random,random,random,random,random,random,random,random,random,random,random,random,random,random,random
79,synSNP:913,orf1ab:460,synSNP:2473,synSNP:3037,orf1ab:1001,orf1ab:1708,synSNP:5986,orf1ab:2230,orf1ab:4715,synSNP:14676,synSNP:15279,synSNP:16176,S:501,S:570,S:614,S:681,S:716,S:982,S:1118,ORF8:27,ORF8:52,ORF8:68,ORF8:73,N:3,N:203,N:204,N:235,random,random,random,random,random,random,random,random,random,random,random,random,random,random
80,synSNP:628,synSNP:913,synSNP:3037,orf1ab:1001,orf1ab:1708,synSNP:5986,orf1ab:2230,orf1ab:4715,synSNP:14676,synSNP:15279,synSNP:16176,S:501,S:570,S:614,S:681,S:716,S:982,S:1118,ORF8:27,ORF8:52,ORF8:73,N:3,N:203,N:204,N:235,random,random,random,random,random,random,random,random,random,random,random,random,random,random,random,random
81,synSNP:913,orf1ab:730,synSNP:3037,orf1ab:1001,orf1ab:1708,synSNP:5512,synSNP:5986,orf1ab:2114,orf1ab:2230,orf1ab:4715,synSNP:14676,synSNP:15279,synSNP:16176,orf1ab:5956,S:501,S:570,S:614,S:681,S:716,S:982,S:1118,ORF3a:85,ORF8:27,ORF8:52,ORF8:73,N:3,N:203,N:204,N:235,random,random,random,random,random,random,random,random,random,random,random,random
82,synSNP:451,synSNP:913,synSNP:3037,orf1ab:1001,orf1ab:1555,orf1ab:1708,synSNP:5986,orf1ab:2230,orf1ab:3095,orf1ab:4715,synSNP:14676,synSNP:15279,synSNP:16176,S:98,S:501,S:570,S:614,S:681,S:716,S:982,S:1118,ORF8:27,ORF8:52,ORF8:73,N:3,N:203,N:204,N:235,random,random,random,random,random,random,random,random,random,random,random,random,random
83,synSNP:445,orf1ab:104,synSNP:3037,synSNP:3718,synSNP:6286,synSNP:12436,orf1ab:4715,synSNP:19185,synSNP:21255,S:222,S:614,synSNP:23896,S:1163,S:1167,synSNP:26801,ORF8:36,synSNP:28253,N:13,synSNP:28657,N:220,N:365,ORF10:30,random,random,random,random,random,random,random,random,random,random,random,random,random,random,random,random,random,random,random
84,synSNP:913,synSNP:3037,orf1ab:1001,orf1ab:1708,synSNP:5986,orf1ab:2230,orf1ab:4715,synSNP:14599,synSNP:14676,synSNP:15279,synSNP:16176,S:501,S:570,S:614,S:681,S:716,S:982,S:1118,ORF8:27,ORF8:52,ORF8:73,N:3,N:203,N:204,N:235,random,random,random,random,random,random,random,random,random,random,random,random,random,random,random,random
85,synSNP:913,synSNP:3037,orf1ab:1001,orf1ab:1708,synSNP:5986,orf1ab:2230,synSNP:8017,orf1ab:4715,synSNP:14676,synSNP:15279,synSNP:16176,S:501,S:570,S:614,S:681,S:716,S:982,S:1118,ORF8:27,ORF8:52,ORF8:73,N:3,N:203,N:204,N:235,random,random,random,random,random,random,random,random,random,random,random,random,random,random,random,random
86,synSNP:913,synSNP:3037,orf1ab:1001,orf1ab:1142,orf1ab:1708,synSNP:5986,orf1ab:2230,orf1ab:4715,synSNP:14676,synSNP:15279,synSNP:16176,orf1ab:5784,orf1ab:6272,synSNP:19854,S:501,S:570,synSNP:23323,S:614,S:681,S:716,S:982,S:1118,ORF3a:90,ORF8:27,ORF8:52,ORF8:62,ORF8:73,N:3,N:203,N:204,N:235,random,random,random,random,random,random,random,random,random,random
87,synSNP:913,synSNP:3037,orf1ab:1001,synSNP:4792,orf1ab:1708,synSNP:5986,orf1ab:2230,synSNP:12295,orf1ab:4715,synSNP:14676,synSNP:15279,synSNP:16176,S:501,S:570,S:614,S:681,S:716,S:982,S:1118,M:2,ORF8:27,ORF8:52,ORF8:73,N:3,N:203,N:204,N:235,random,random,random,random,random,random,random,random,random,random,random,random,random,random
88,synSNP:913,synSNP:3037,orf1ab:971,orf1ab:1001,orf1ab:1708,synSNP:5986,orf1ab:2230,orf1ab:2994,synSNP:11830,orf1ab:4715,synSNP:14676,synSNP:15279,synSNP:16176,S:501,S:570,S:614,S:681,S:716,S:982,S:1118,ORF8:27,ORF8:52,ORF8:73,N:3,N:203,N:204,N:235,random,random,random,random,random,random,random,random,random,random,random,random,random,random
89,synSNP:913,orf1ab:460,synSNP:3037,orf1ab:1001,orf1ab:1708,synSNP:5986,orf1ab:2230,orf1ab:4715,synSNP:14676,synSNP:15279,synSNP:16176,S:501,S:570,S:614,S:622,S:681,S:716,S:982,S:1118,ORF8:27,ORF8:52,ORF8:68,ORF8:73,ORF8:118,N:3,N:203,N:204,N:235,random,random,random,random,random,random,random,random,random,random,random,random,random
90,synSNP:445,synSNP:3037,orf1ab:966,synSNP:6286,orf1ab:3711,orf1ab:4715,synSNP:21255,S:18,S:215,S:222,S:614,synSNP:26801,synSNP:27944,synSNP:28717,N:220,ORF10:30,random,random,random,random,random,random,random,random,random,random,random,random,random,random,random,random,random,random,random,random,random,random,random,random,random
91,synSNP:913,synSNP:3037,orf1ab:1001,orf1ab:1708,synSNP:5986,orf1ab:2230,orf1ab:3606,orf1ab:4715,synSNP:14676,synSNP:15279,synSNP:16176,S:501,S:570,S:614,S:681,S:716,S:982,S:1118,ORF8:27,ORF8:52,ORF8:73,N:3,N:203,N:204,N:235,random,random,random,random,random,random,random,random,random,random,random,random,random,random,random,random
92,synSNP:913,synSNP:3037,orf1ab:1001,orf1ab:1246,orf1ab:1708,synSNP:5986,orf1ab:2230,orf1ab:4715,synSNP:14676,synSNP:15279,synSNP:16176,orf1ab:5402,orf1ab:5784,S:501,S:570,S:614,S:681,S:716,S:982,S:1118,ORF8:27,ORF8:52,ORF8:73,N:3,N:203,N:204,N:235,random,random,random,random,random,random,random,random,random,random,random,random,random,random
93,synSNP:913,synSNP:3037,orf1ab:1001,orf1ab:1708,synSNP:5986,orf1ab:2181,orf1ab:2230,orf1ab:4715,synSNP:14676,synSNP:15279,synSNP:16176,S:501,S:570,S:614,S:681,S:716,S:982,S:1118,ORF8:27,ORF8:52,ORF8:73,N:3,N:203,N:204,N:235,random,random,random,random,random,random,random,random,random,random,random,random,random,random,random,random
94,synSNP:913,synSNP:3037,orf1ab:1001,orf1ab:1708,synSNP:5986,orf1ab:2230,synSNP:12115,orf1ab:4715,synSNP:14676,synSNP:15279,synSNP:16176,orf1ab:5784,S:501,S:570,S:614,S:681,S:716,S:982,S:1118,ORF3a:77,ORF8:27,ORF8:52,ORF8:73,N:3,N:203,N:204,N:235,random,random,random,random,random,random,random,random,random,random,random,random,random,random
95,synSNP:913,synSNP:3037,orf1ab:1001,orf1ab:1708,synSNP:5986,orf1ab:2224,orf1ab:2230,orf1ab:2553,orf1ab:4715,synSNP:14676,orf1ab:4835,synSNP:15279,synSNP:16176,synSNP:22480,S:501,S:570,S:614,S:681,S:716,S:982,S:1118,ORF8:27,ORF8:52,ORF8:73,N:3,N:203,N:204,N:235,random,random,random,random,random,random,random,random,random,random,random,random,random
96,orf1ab:165,synSNP:913,synSNP:3037,orf1ab:1001,orf1ab:1708,synSNP:5986,orf1ab:2230,synSNP:12079,orf1ab:3966,orf1ab:4715,synSNP:14676,synSNP:15279,synSNP:16176,orf1ab:5784,S:501,S:570,S:614,S:681,S:716,S:982,S:1118,synSNP:26907,synSNP:27684,ORF8:27,ORF8:52,ORF8:73,N:3,N:203,N:204,N:235,random,random,random,random,random,random,random,random,random,random,random
97,synSNP:913,synSNP:3037,orf1ab:1001,synSNP:4147,orf1ab:1346,orf1ab:1708,synSNP:5986,orf1ab:2105,orf1ab:2230,orf1ab:4715,synSNP:14676,synSNP:14805,synSNP:15279,synSNP:16176,S:501,S:570,S:614,S:681,S:716,S:982,S:1118,synSNP:26463,M:87,ORF8:27,ORF8:52,ORF8:73,N:3,N:203,N:204,N:235,N:300,random,random,random,random,random,random,random,random,random,random
98,synSNP:3037,orf1ab:1895,orf1ab:1939,synSNP:8041,orf1ab:3334,synSNP:11758,orf1ab:4715,synSNP:15972,orf1ab:6485,synSNP:22009,S:614,S:677,synSNP:27213,ORF8:62,synSNP:28759,N:203,N:204,N:401,random,random,random,random,random,random,random,random,random,random,random,random,random,random,random,random,random,random,random,random,random,random,random
99,synSNP:913,synSNP:3037,orf1ab:1001,orf1ab:1708,synSNP:5986,orf1ab:2124,orf1ab:2230,orf1ab:4715,synSNP:14676,synSNP:15279,synSNP:16176,synSNP:22468,S:501,S:570,S:614,S:681,S:716,S:982,S:1118,ORF8:27,ORF8:52,ORF8:73,N:3,N:203,N:204,N:235,random,random,random,random,random,random,random,random,random,random,random,random,random,random,random
100,synSNP:3037,orf1ab:1306,orf1ab:1754,orf1ab:2046,orf1ab:2287,synSNP:8986,orf1ab:2930,orf1ab:3255,orf1ab:3646,synSNP:11332,orf1ab:3915,orf1ab:4715,orf1ab:5063,orf1ab:5401,orf1ab:6319,S:19,S:142,S:452,S:478,S:614,S:681,S:950,synSNP:24928,ORF3a:26,M:82,ORF7a:82,ORF7a:120,N:63,N:203,N:215,N:327,N:330,N:377,random,random,random,random,random,random,random,random
101,synSNP:2047,synSNP:3037,synSNP:3775,orf1ab:1306,orf1ab:2046,orf1ab:2287,orf1ab:2529,synSNP:8986,orf1ab:2930,orf1ab:3255,orf1ab:3646,synSNP:11332,orf1ab:4715,orf1ab:5063,orf1ab:5401,orf1ab:6319,orf1ab:6343,synSNP:21048,orf1ab:7074,S:19,S:95,S:452,S:478,S:614,S:681,S:950,ORF3a:26,M:82,synSNP:27513,ORF7a:82,ORF7a:120,N:63,N:135,N:203,N:215,N:377,random,random,random,random,random
102,synSNP:1741,synSNP:3037,orf1ab:1054,orf1ab:1306,orf1ab:2046,orf1ab:2287,orf1ab:2529,synSNP:8986,orf1ab:2930,orf1ab:3255,orf1ab:3646,synSNP:11332,orf1ab:4715,orf1ab:5063,orf1ab:5401,orf1ab:5451,orf1ab:6319,S:19,S:95,S:142,S:452,S:478,synSNP:23248,S:614,S:681,S:950,ORF3a:26,M:82,ORF7a:82,ORF7a:120,N:63,N:203,N:215,N:377,random,random,random,random,random,random,random
103,synSNP:3037,orf1ab:1306,orf1ab:2046,orf1ab:2287,orf1ab:2529,synSNP:8986,orf1ab:2930,orf1ab:3255,orf1ab:3646,synSNP:11332,synSNP:12823,orf1ab:4715,orf1ab:5063,synSNP:15939,orf1ab:5401,synSNP:17040,synSNP:17763,orf1ab:6319,S:19,S:95,S:142,S:452,S:478,S:614,S:681,S:950,ORF3a:26,M:82,synSNP:26882,ORF7a:82,ORF7a:120,N:63,N:203,N:215,N:377,random,random,random,random,random,random
104,synSNP:3037,orf1ab:1306,synSNP:5392,orf1ab:2046,orf1ab:2287,orf1ab:2529,synSNP:8299,synSNP:8986,orf1ab:2930,orf1ab:3255,orf1ab:3422,orf1ab:3646,synSNP:11332,orf1ab:4715,synSNP:15258,orf1ab:5028,orf1ab:5063,orf1ab:5401,orf1ab:6319,S:19,S:95,S:142,S:452,S:478,S:614,S:681,S:950,ORF3a:26,M:82,ORF7a:82,ORF7a:120,N:63,N:203,N:215,N:377,random,random,random,random,random,random
105,synSNP:2701,synSNP:3037,orf1ab:1306,synSNP:5512,orf1ab:2046,orf1ab:2287,synSNP:8986,orf1ab:2930,orf1ab:3255,orf1ab:3646,synSNP:11332,orf1ab:4715,orf1ab:5063,orf1ab:5401,orf1ab:6319,S:19,S:142,S:452,S:478,S:614,S:681,S:950,synSNP:24928,ORF3a:26,M:82,ORF7a:34,ORF7a:120,N:63,N:203,N:215,N:327,N:377,random,random,random,random,random,random,random,random,random
106,synSNP:3037,orf1ab:1306,orf1ab:2046,orf1ab:2287,orf1ab:2529,synSNP:8986,orf1ab:2930,orf1ab:3255,orf1ab:3646,synSNP:11332,orf1ab:3771,orf1ab:4715,orf1ab:5063,orf1ab:5401,synSNP:17040,orf1ab:6319,S:19,S:95,S:142,S:452,S:478,S:614,S:681,S:950,ORF3a:26,M:82,ORF7a:38,ORF7a:82,ORF7a:120,N:63,N:203,N:215,N:377,random,random,random,random,random,random,random,random
107,orf1ab:870,synSNP:3037,orf1ab:1210,orf1ab:1306,orf1ab:1485,orf1ab:1680,orf1ab:2046,orf1ab:2287,orf1ab:2529,synSNP:8986,orf1ab:2930,orf1ab:3255,orf1ab:3646,synSNP:11332,orf1ab:4715,orf1ab:5005,orf1ab:5063,orf1ab:5401,orf1ab:5571,synSNP:17040,synSNP:17427,orf1ab:6319,S:19,S:95,S:142,S:452,S:478,S:614,S:681,S:950,ORF3a:26,M:82,ORF7a:82,ORF7a:120,N:63,N:203,N:215,N:377,random,random,random
108,synSNP:3037,orf1ab:1220,orf1ab:1306,orf1ab:2046,synSNP:6730,orf1ab:2287,orf1ab:2529,synSNP:8986,orf1ab:2930,orf1ab:3255,orf1ab:3351,orf1ab:3646,synSNP:11332,orf1ab:4715,orf1ab:5063,orf1ab:5271,orf1ab:5401,orf1ab:6319,S:19,S:95,S:142,S:452,S:478,S:614,S:681,S:950,synSNP:24919,ORF3a:26,E:72,M:82,ORF7a:73,ORF7a:82,ORF7a:120,N:63,N:203,N:215,N:377,random,random,random,random
109,synSNP:3037,orf1ab:1306,orf1ab:1473,orf1ab:2046,orf1ab:2287,orf1ab:2529,orf1ab:2891,synSNP:8986,orf1ab:2930,orf1ab:3255,orf1ab:3646,synSNP:11332,orf1ab:4715,orf1ab:5063,orf1ab:5401,synSNP:17040,orf1ab:6319,synSNP:19524,S:19,S:95,S:142,S:452,S:478,S:614,S:681,S:950,ORF3a:26,E:69,M:82,ORF7a:82,ORF7a:120,N:63,synSNP:28849,N:203,N:215,N:232,N:377,random,random,random,random
110,synSNP:3037,orf1ab:1306,orf1ab:2046,orf1ab:2287,orf1ab:2529,synSNP:8986,orf1ab:2930,orf1ab:3255,orf1ab:3646,synSNP:11332,orf1ab:4715,orf1ab:5063,orf1ab:5401,orf1ab:6319,S:19,S:95,S:142,S:452,S:478,S:614,S:681,S:950,synSNP:25123,ORF3a:26,M:82,ORF7a:82,ORF7a:120,N:63,N:203,N:215,N:377,random,random,random,random,random,random,random,random,random,random
111,orf1ab:6,synSNP:3037,orf1ab:1306,orf1ab:1544,orf1ab:2046,orf1ab:2130,orf1ab:2287,orf1ab:2347,synSNP:8986,orf1ab:2930,orf1ab:3255,orf1ab:3646,synSNP:11332,orf1ab:4715,orf1ab:5063,orf1ab:5230,orf1ab:5401,synSNP:18744,orf1ab:6319,S:19,S:142,S:452,S:478,S:614,S:681,S:950,synSNP:24904,ORF3a:26,synSNP:26681,M:82,ORF7a:82,ORF7a:120,N:9,N:63,N:203,N:215,N:377,random,random,random,random
112,synSNP:3037,orf1ab:1306,orf1ab:2046,orf1ab:2048,orf1ab:2287,synSNP:8878,synSNP:8986,orf1ab:2930,orf1ab:3255,orf1ab:3353,orf1ab:3646,synSNP:11332,synSNP:11974,orf1ab:4715,orf1ab:5063,orf1ab:5401,orf1ab:5828,orf1ab:6319,orf1ab:6486,orf1ab:6500,S:19,S:83,S:95,S:142,S:452,S:478,synSNP:23248,S:614,S:681,S:950,synSNP:25003,ORF3a:26,M:82,ORF7a:82,ORF7a:120,N:63,synSNP:28618,N:203,N:215,N:377,random
113,synSNP:3037,orf1ab:1306,orf1ab:2046,orf1ab:2287,orf1ab:2529,synSNP:8986,orf1ab:2930,orf1ab:3255,orf1ab:3646,synSNP:11332,orf1ab:4715,orf1ab:5063,orf1ab:5401,orf1ab:6319,S:19,S:95,S:142,synSNP:22051,S:452,S:478,S:614,S:681,S:950,ORF3a:26,M:82,ORF7a:82,ORF7a:120,N:63,N:203,N:215,N:377,random,random,random,random,random,random,random,random,random,random
114,orf1ab:309,synSNP:3037,orf1ab:1306,orf1ab:2046,orf1ab:2287,orf1ab:2529,synSNP:8986,orf1ab:2930,synSNP:9070,orf1ab:3255,orf1ab:3646,synSNP:11332,orf1ab:4715,orf1ab:5063,orf1ab:5401,orf1ab:5788,orf1ab:6319,S:19,S:95,S:452,S:478,synSNP:23335,S:614,S:681,synSNP:25452,ORF3a:26,synSNP:25587,M:82,ORF7a:82,ORF7a:120,N:63,N:203,N:215,N:377,random,random,random,random,random,random,random
115,synSNP:3037,orf1ab:1306,synSNP:4237,orf1ab:1496,orf1ab:2046,orf1ab:2287,orf1ab:2529,synSNP:8986,orf1ab:2930,orf1ab:2994,orf1ab:3255,orf1ab:3646,synSNP:11332,orf1ab:4715,synSNP:14622,orf1ab:5063,orf1ab:5401,synSNP:17040,orf1ab:6319,S:19,S:95,S:452,S:478,S:614,S:681,S:950,ORF3a:26,M:82,ORF7a:82,ORF7a:120,N:63,N:203,N:215,N:377,random,random,random,random,random,random,random
116,orf1ab:403,synSNP:3037,orf1ab:1306,orf1ab:2046,orf1ab:2287,orf1ab:2529,synSNP:8986,orf1ab:2930,orf1ab:3255,orf1ab:3646,synSNP:11332,orf1ab:4715,synSNP:15264,orf1ab:5063,orf1ab:5401,orf1ab:6319,S:19,S:95,S:452,S:478,S:614,synSNP:23569,S:681,S:950,ORF3a:26,ORF3a:100,M:82,ORF7a:82,ORF7a:120,ORF8:31,N:63,N:203,N:215,N:377,random,random,random,random,random,random,random
117,synSNP:3037,orf1ab:1306,synSNP:5869,synSNP:5986,orf1ab:1909,orf1ab:2046,orf1ab:2287,orf1ab:2529,synSNP:8986,orf1ab:2930,orf1ab:3255,orf1ab:3646,synSNP:11332,synSNP:11755,orf1ab:4715,orf1ab:5063,orf1ab:5401,orf1ab:6129,orf1ab:6319,S:19,S:95,S:142,S:452,S:478,S:614,S:681,S:688,S:950,ORF3a:26,ORF3a:155,M:82,ORF7a:82,ORF7a:120,N:63,N:203,N:215,N:377,random,random,random,random
118,synSNP:1825,synSNP:3037,orf1ab:1306,orf1ab:2046,orf1ab:2287,orf1ab:2529,synSNP:8986,orf1ab:2930,orf1ab:3255,orf1ab:3646,synSNP:11332,orf1ab:4715,orf1ab:5063,orf1ab:5401,orf1ab:5951,orf1ab:6319,S:19,S:95,S:142,S:452,S:478,S:614,S:681,S:950,S:1210,ORF3a:26,M:82,ORF7a:82,ORF7a:120,N:63,N:203,N:215,N:377,random,random,random,random,random,random,random,random
119,synSNP:601,synSNP:3037,orf1ab:1306,orf1ab:2046,orf1ab:2287,orf1ab:2529,synSNP:8986,orf1ab:2930,orf1ab:2994,orf1ab:3255,orf1ab:3646,synSNP:11332,synSNP:13432,orf1ab:4715,orf1ab:5063,orf1ab:5401,synSNP:17004,synSNP:17040,synSNP:17403,orf1ab:6319,orf1ab:6624,S:19,S:95,S:142,S:452,S:478,S:614,S:681,S:950,ORF3a:26,ORF3a:275,M:82,ORF7a:82,ORF7a:120,N:63,N:203,N:215,N:374,N:377,random,random
120,synSNP:1288,synSNP:3037,orf1ab:1306,orf1ab:2046,orf1ab:2287,orf1ab:2529,synSNP:8986,orf1ab:2930,orf1ab:3255,orf1ab:3646,synSNP:11332,orf1ab:4715,orf1ab:5005,orf1ab:5063,orf1ab:5401,orf1ab:5403,synSNP:17040,synSNP:17427,orf1ab:6319,synSNP:21342,S:19,S:95,S:142,S:452,S:478,S:614,S:681,S:950,synSNP:24583,ORF3a:26,synSNP:25731,M:82,ORF7a:14,ORF7a:82,ORF7a:120,N:63,N:203,N:377,random,random,random
121,synSNP:3037,orf1ab:1306,orf1ab:2046,orf1ab:2287,synSNP:8986,orf1ab:2930,orf1ab:3255,orf1ab:3527,orf1ab:3646,synSNP:11332,orf1ab:4715,orf1ab:5063,orf1ab:5401,orf1ab:5912,orf1ab:6319,S:19,S:142,S:181,S:452,S:478,S:614,S:681,S:950,synSNP:24928,ORF3a:26,ORF3a:211,M:82,ORF7a:82,ORF7a:120,N:63,N:203,N:215,N:327,N:377,random,random,random,random,random,random,random
122,synSNP:3037,orf1ab:1306,orf1ab:2046,orf1ab:2287,orf1ab:2529,synSNP:8986,orf1ab:2930,orf1ab:3255,orf1ab:3646,synSNP:11332,orf1ab:4715,orf1ab:5063,orf1ab:5401,orf1ab:6319,S:19,S:95,S:142,S:452,S:478,S:614,S:681,S:950,synSNP:25452,ORF3a:26,M:82,ORF7a:82,ORF7a:120,N:63,N:203,N:215,N:377,synSNP:29659,random,random,random,random,random,random,random,random,random
123,orf1ab:567,synSNP:2272,synSNP:3037,orf1ab:1306,orf1ab:2046,orf1ab:2287,orf1ab:2529,synSNP:8986,orf1ab:2930,orf1ab:3255,orf1ab:3646,synSNP:11332,orf1ab:4715,orf1ab:5063,orf1ab:5401,synSNP:17730,orf1ab:6319,S:19,S:95,S:142,S:452,S:478,S:614,S:681,S:950,ORF3a:26,synSNP:25959,M:82,ORF7a:82,ORF7a:120,N:63,N:203,N:215,N:270,N:377,random,random,random,random,random,random
124,synSNP:3037,orf1ab:1306,orf1ab:2041,orf1ab:2046,orf1ab:2287,synSNP:8986,orf1ab:2930,orf1ab:3255,orf1ab:3606,orf1ab:3646,synSNP:11332,orf1ab:4715,orf1ab:5063,orf1ab:5367,orf1ab:5401,orf1ab:6319,S:19,S:95,S:142,S:452,S:478,S:614,S:681,S:950,ORF3a:13,ORF3a:26,ORF3a:69,M:82,ORF7a:82,ORF7a:120,ORF8:18,ORF8:52,N:63,N:203,N:215,N:267,N:377,random,random,random,random
125,synSNP:3037,orf1ab:935,orf1ab:1306,synSNP:5869,synSNP:6376,orf1ab:2046,orf1ab:2287,orf1ab:2529,synSNP:8986,orf1ab:2930,orf1ab:3255,orf1ab:3646,synSNP:11332,orf1ab:4715,orf1ab:5063,orf1ab:5401,orf1ab:6319,S:19,S:95,S:142,S:452,S:478,S:614,S:681,S:950,S:1264,ORF3a:26,M:82,ORF7a:82,ORF7a:120,synSNP:28115,N:63,N:203,N:215,N:377,random,random,random,random,random,random
126,orf1ab:114,synSNP:1267,synSNP:1549,synSNP:3037,orf1ab:944,orf1ab:1306,synSNP:4237,orf1ab:2046,orf1ab:2287,orf1ab:2529,synSNP:8986,orf1ab:2930,orf1ab:3255,orf1ab:3646,synSNP:11332,orf1ab:4357,orf1ab:4715,orf1ab:5063,orf1ab:5401,synSNP:16887,synSNP:17040,orf1ab:6319,S:19,S:452,S:478,S:614,S:681,S:950,ORF3a:26,M:82,ORF7a:82,ORF7a:120,N:63,N:203,N:215,N:377,random,random,random,random,random
127,synSNP:3037,orf1ab:1306,orf1ab:2046,orf1ab:2287,orf1ab:2529,synSNP:8986,orf1ab:2930,orf1ab:3255,orf1ab:3646,synSNP:11332,orf1ab:4715,orf1ab:5063,orf1ab:5401,orf1ab:6319,orf1ab:6657,S:19,S:452,S:478,S:614,S:681,S:950,ORF3a:26,ORF3a:175,M:82,ORF7a:82,ORF7a:120,N:63,N:203,N:215,N:377,random,random,random,random,random,random,random,random,random,random,random
128,synSNP:3037,orf1ab:1306,synSNP:4237,orf1ab:2016,orf1ab:2046,orf1ab:2287,orf1ab:2529,orf1ab:2766,synSNP:8986,orf1ab:2930,orf1ab:3255,orf1ab:3646,synSNP:11332,orf1ab:4715,orf1ab:5063,orf1ab:5401,synSNP:17040,orf1ab:5712,orf1ab:6319,S:19,S:95,S:452,S:478,S:580,S:614,S:681,S:950,ORF3a:26,M:82,ORF7a:82,ORF7a:120,N:14,N:63,N:203,N:215,N:377,random,random,random,random,random
129,synSNP:3037,orf1ab:1306,orf1ab:2046,orf1ab:2287,orf1ab:2529,synSNP:8986,orf1ab:2930,orf1ab:3255,orf1ab:3646,synSNP:11332,orf1ab:4715,orf1ab:5063,orf1ab:5401,orf1ab:6319,S:19,S:95,S:142,S:452,S:478,S:614,S:681,S:950,synSNP:25123,ORF3a:26,M:82,ORF7a:82,ORF7a:120,N:63,N:203,N:215,N:377,random,random,random,random,random,random,random,random,random,random
130,orf1ab:321,synSNP:1741,synSNP:3037,orf1ab:1306,orf1ab:2046,orf1ab:2287,orf1ab:2529,synSNP:8986,orf1ab:2930,orf1ab:3255,orf1ab:3502,orf1ab:3646,synSNP:11332,synSNP:11908,orf1ab:4703,orf1ab:4715,orf1ab:5063,orf1ab:5401,orf1ab:6319,S:19,S:95,S:142,S:452,S:478,S:614,S:681,S:831,S:950,ORF3a:26,M:82,ORF7a:82,ORF7a:120,ORF8:27,N:63,N:203,N:215,N:377,random,random,random,random
131,synSNP:439,synSNP:3037,orf1ab:1306,synSNP:6070,orf1ab:2046,orf1ab:2287,orf1ab:2529,synSNP:8986,orf1ab:2930,orf1ab:3255,orf1ab:3646,synSNP:11332,orf1ab:4715,orf1ab:5005,orf1ab:5063,orf1ab:5401,synSNP:17040,synSNP:17427,orf1ab:6319,S:19,S:95,S:142,S:452,S:478,S:614,S:681,S:950,ORF3a:26,ORF3a:33,M:82,ORF7a:82,ORF7a:120,N:63,N:203,N:215,N:377,random,random,random,random,random
132,synSNP:3037,orf1ab:995,orf1ab:1306,orf1ab:2046,orf1ab:2287,orf1ab:2529,synSNP:8986,orf1ab:2930,orf1ab:3255,synSNP:10747,orf1ab:3646,synSNP:11332,orf1ab:4662,orf1ab:4715,orf1ab:5063,orf1ab:5401,orf1ab:6319,S:19,S:95,S:142,S:452,S:478,S:614,S:681,S:950,ORF3a:26,ORF3a:128,M:82,ORF7a:82,ORF7a:120,N:12,N:63,N:203,N:215,N:377,random,random,random,random,random,random
133,orf1ab:271,synSNP:1768,orf1ab:706,synSNP:3037,orf1ab:1306,orf1ab:2046,orf1ab:2287,orf1ab:2529,synSNP:8986,orf1ab:2930,orf1ab:3055,orf1ab:3255,orf1ab:3646,synSNP:11332,synSNP:13620,orf1ab:4715,orf1ab:5063,orf1ab:5401,orf1ab:6319,S:19,S:95,S:142,S:452,S:478,S:614,S:681,S:950,ORF3a:26,M:82,ORF7a:82,ORF7a:120,N:63,N:203,N:215,N:377,random,random,random,random,random,random
134,synSNP:3037,orf1ab:1306,orf1ab:2046,orf1ab:2287,orf1ab:2529,synSNP:8986,orf1ab:2930,orf1ab:3255,orf1ab:3646,synSNP:11332,orf1ab:4715,orf1ab:5063,orf1ab:5401,orf1ab:6319,S:19,S:95,S:142,S:452,S:478,S:614,S:681,S:950,ORF3a:26,M:82,ORF6:14,ORF7a:82,ORF7a:120,ORF8:102,N:63,N:203,N:215,N:377,random,random,random,random,random,random,random,random,random
135,synSNP:3037,orf1ab:1306,orf1ab:2046,orf1ab:2287,orf1ab:2529,synSNP:8986,orf1ab:2930,orf1ab:3022,orf1ab:3255,orf1ab:3497,orf1ab:3646,synSNP:11332,orf1ab:3832,synSNP:12019,synSNP:13554,orf1ab:4715,synSNP:15264,orf1ab:5063,orf1ab:5401,synSNP:16887,synSNP:18402,orf1ab:6319,S:19,S:95,S:142,S:413,S:452,S:478,S:614,S:681,S:950,ORF3a:26,synSNP:26151,M:82,ORF7a:82,ORF7a:106,ORF7a:120,N:63,N:203,N:215,N:377
136,orf1ab:691,synSNP:3037,orf1ab:1306,orf1ab:2046,orf1ab:2109,orf1ab:2287,synSNP:8986,orf1ab:2930,orf1ab:3255,orf1ab:3646,synSNP:11332,synSNP:14250,orf1ab:4715,orf1ab:5063,orf1ab:5401,orf1ab:5689,orf1ab:6319,S:19,S:452,S:478,S:614,S:681,S:950,ORF3a:26,M:82,ORF7a:82,ORF7a:120,N:63,N:203,N:215,N:377,random,random,random,random,random,random,random,random,random,random
137,orf1ab:204,synSNP:3037,orf1ab:1306,orf1ab:2046,orf1ab:2274,orf1ab:2287,orf1ab:2529,synSNP:8986,orf1ab:2930,orf1ab:3255,orf1ab:3646,synSNP:11332,synSNP:13147,orf1ab:4715,synSNP:14724,orf1ab:5063,orf1ab:5401,orf1ab:6319,S:19,S:95,S:142,S:452,S:478,S:614,S:681,S:950,ORF3a:26,ORF3a:78,M:82,ORF7a:82,ORF7a:120,N:63,N:203,N:215,N:377,random,random,random,random,random,random
138,synSNP:3037,orf1ab:1306,synSNP:5146,orf1ab:2046,orf1ab:2287,orf1ab:2529,synSNP:8986,orf1ab:2930,orf1ab:3255,orf1ab:3646,synSNP:11332,orf1ab:4715,orf1ab:5063,orf1ab:5401,orf1ab:6252,orf1ab:6319,orf1ab:6694,S:19,S:95,S:142,S:452,S:478,S:614,S:681,S:950,ORF3a:26,ORF3a:235,M:82,ORF7a:82,ORF7a:120,N:63,N:203,N:215,N:377,random,random,random,random,random,random,random
139,synSNP:3037,orf1ab:1306,orf1ab:2046,orf1ab:2287,orf1ab:2529,synSNP:8986,orf1ab:2930,orf1ab:3255,orf1ab:3646,synSNP:11332,orf1ab:4715,synSNP:15264,orf1ab:5063,orf1ab:5401,orf1ab:6319,orf1ab:6623,S:19,S:95,S:452,S:478,S:614,S:681,S:950,ORF3a:26,M:82,ORF7a:82,ORF7a:120,N:63,N:203,N:215,N:377,random,random,random,random,random,random,random,random,random,random
140,synSNP:3037,orf1ab:1306,orf1ab:2046,orf1ab:2287,orf1ab:2529,synSNP:8986,orf1ab:2930,orf1ab:3255,orf1ab:3646,synSNP:11332,synSNP:13929,orf1ab:4715,orf1ab:5063,orf1ab:5401,synSNP:17040,orf1ab:6319,S:19,S:95,S:142,S:452,S:478,S:614,S:681,S:950,ORF3a:26,M:82,ORF7a:82,ORF7a:120,N:63,N:203,N:215,N:238,N:377,random,random,random,random,random,random,random,random
141,synSNP:3037,orf1ab:1306,synSNP:4237,orf1ab:2046,orf1ab:2121,orf1ab:2287,orf1ab:2493,orf1ab:2498,orf1ab:2529,synSNP:8986,orf1ab:2930,orf1ab:3255,orf1ab:3646,synSNP:11332,synSNP:13201,synSNP:14118,orf1ab:4715,orf1ab:5063,orf1ab:5401,synSNP:17040,orf1ab:6319,S:19,S:95,S:452,S:478,S:614,S:681,S:950,ORF3a:26,synSNP:25614,M:82,ORF7a:82,ORF7a:120,N:63,N:203,N:215,N:377,random,random,random,random
142,synSNP:583,synSNP:3037,orf1ab:1306,orf1ab:2046,orf1ab:2287,orf1ab:2529,synSNP:8986,orf1ab:2930,orf1ab:3255,orf1ab:3646,synSNP:11332,orf1ab:4715,orf1ab:5063,orf1ab:5401,synSNP:17040,orf1ab:6319,S:19,S:95,S:142,S:452,S:478,S:614,S:681,S:950,S:1228,ORF3a:26,M:82,ORF7a:82,ORF7a:120,N:63,N:203,N:215,N:377,random,random,random,random,random,random,random,random
143,synSNP:3037,orf1ab:1306,orf1ab:2046,orf1ab:2287,orf1ab:2529,synSNP:8986,orf1ab:2930,orf1ab:3255,orf1ab:3646,synSNP:11332,orf1ab:4619,orf1ab:4715,orf1ab:5063,orf1ab:5401,orf1ab:6319,orf1ab:6966,S:19,S:95,S:142,S:452,S:478,S:614,S:655,S:681,S:950,ORF3a:26,synSNP:25500,E:43,M:82,synSNP:27484,ORF7a:32,ORF7a:82,ORF7a:120,N:63,N:203,N:215,N:377,random,random,random,random
144,synSNP:3037,orf1ab:1306,orf1ab:2046,orf1ab:2287,orf1ab:2529,synSNP:8986,orf1ab:2930,orf1ab:3255,orf1ab:3646,synSNP:11332,orf1ab:4715,orf1ab:5063,orf1ab:5401,orf1ab:6319,S:19,S:95,S:142,synSNP:22051,S:452,S:478,S:614,S:681,S:950,ORF3a:26,M:82,ORF7a:39,ORF7a:82,ORF7a:120,N:63,N:203,N:215,N:377,random,random,random,random,random,random,random,random,random
145,synSNP:3037,orf1ab:1306,orf1ab:2046,orf1ab:2287,orf1ab:2529,synSNP:8986,orf1ab:2930,synSNP:9742,orf1ab:3255,orf1ab:3646,synSNP:11332,orf1ab:4715,orf1ab:5063,orf1ab:5401,orf1ab:6319,orf1ab:6624,S:19,S:95,S:142,S:452,S:478,S:614,S:681,S:950,synSNP:25096,ORF3a:26,M:82,synSNP:27059,ORF7a:82,ORF7a:120,N:63,N:203,N:215,synSNP:29095,N:377,random,random,random,random,random,random
146,synSNP:745,synSNP:3037,synSNP:3244,orf1ab:995,orf1ab:1306,orf1ab:2046,orf1ab:2287,orf1ab:2529,synSNP:8986,orf1ab:2930,orf1ab:3255,orf1ab:3646,synSNP:11332,orf1ab:4662,orf1ab:4715,orf1ab:5063,orf1ab:5401,orf1ab:6319,S:19,S:95,S:142,S:452,S:478,S:614,S:681,S:950,ORF3a:26,ORF3a:128,M:82,ORF7a:82,ORF7a:120,N:12,N:63,N:203,N:215,N:377,random,random,random,random,random
147,orf1ab:339,synSNP:3037,orf1ab:1306,orf1ab:2046,orf1ab:2287,orf1ab:2529,synSNP:8986,orf1ab:2930,orf1ab:3255,orf1ab:3646,synSNP:11332,orf1ab:4715,orf1ab:5063,orf1ab:5401,synSNP:17040,orf1ab:6319,S:19,S:452,S:478,S:614,S:681,S:950,ORF3a:26,M:82,N:63,N:203,N:215,N:377,random,random,random,random,random,random,random,random,random,random,random,random,random
148,synSNP:1741,synSNP:3037,orf1ab:1306,orf1ab:2046,orf1ab:2287,orf1ab:2529,synSNP:8986,orf1ab:2930,orf1ab:3255,orf1ab:3646,synSNP:11332,orf1ab:4715,orf1ab:5063,orf1ab:5401,orf1ab:6319,orf1ab:7014,S:19,S:95,S:142,S:452,S:478,S:614,S:681,S:950,ORF3a:26,M:82,ORF7a:82,ORF7a:120,N:63,N:203,N:215,N:377,random,random,random,random,random,random,random,random,random
149,synSNP:3037,orf1ab:1306,orf1ab:1670,synSNP:5824,orf1ab:2046,synSNP:7039,orf1ab:2287,orf1ab:2529,synSNP:8986,orf1ab:2930,orf1ab:3255,orf1ab:3646,synSNP:11332,orf1ab:4161,orf1ab:4483,orf1ab:4715,orf1ab:5063,orf1ab:5401,orf1ab:6319,S:12,S:19,S:95,S:142,S:452,S:478,S:614,S:681,S:950,ORF3a:26,M:82,ORF7a:82,ORF7a:120,N:63,N:203,N:215,N:377,random,random,random,random,random
150,synSNP:3037,orf1ab:1306,orf1ab:2046,orf1ab:2092,orf1ab:2287,synSNP:8986,orf1ab:2930,orf1ab:3255,orf1ab:3646,synSNP:11332,orf1ab:4538,orf1ab:4715,orf1ab:5063,orf1ab:5401,orf1ab:6319,synSNP:20808,S:19,S:142,S:452,S:478,S:614,S:681,S:950,synSNP:24928,ORF3a:26,M:82,ORF7a:82,ORF7a:120,N:63,N:203,N:215,N:327,N:377,random,random,random,random,random,random,random,random
151,synSNP:3037,orf1ab:1063,orf1ab:1306,orf1ab:2046,orf1ab:2287,orf1ab:2529,synSNP:8986,orf1ab:2930,orf1ab:3255,orf1ab:3646,synSNP:11332,orf1ab:4715,orf1ab:5063,orf1ab:5401,orf1ab:6319,S:19,S:95,S:452,S:478,S:614,S:681,S:950,ORF3a:26,M:82,ORF7a:82,ORF7a:120,N:63,N:203,N:215,N:377,random,random,random,random,random,random,random,random,random,random,random
152,synSNP:3037,synSNP:4006,orf1ab:1306,orf1ab:2046,orf1ab:2287,orf1ab:2529,synSNP:8986,orf1ab:2930,orf1ab:3255,orf1ab:3646,synSNP:11332,synSNP:14394,orf1ab:4715,orf1ab:5063,orf1ab:5401,synSNP:17946,orf1ab:6319,orf1ab:6566,orf1ab:6915,S:19,S:95,S:142,S:452,S:478,synSNP:23114,S:614,S:681,S:950,ORF3a:26,synSNP:25500,M:82,ORF7a:82,ORF7a:120,N:63,N:203,N:215,synSNP:29179,N:377,random,random,random
153,synSNP:3037,orf1ab:1306,orf1ab:2046,orf1ab:2287,orf1ab:2529,orf1ab:2622,synSNP:8986,orf1ab:2930,orf1ab:3255,orf1ab:3646,synSNP:11332,orf1ab:4715,orf1ab:5063,orf1ab:5401,synSNP:17040,orf1ab:6319,S:19,S:95,S:142,S:452,S:478,S:614,S:681,S:950,ORF3a:26,M:82,ORF7a:55,ORF7a:82,ORF7a:120,N:63,N:203,N:215,N:377,random,random,random,random,random,random,random,random
154,synSNP:3037,orf1ab:1306,orf1ab:1352,orf1ab:2046,orf1ab:2287,orf1ab:2529,synSNP:8986,orf1ab:2930,orf1ab:3120,orf1ab:3255,orf1ab:3351,orf1ab:3646,synSNP:11332,orf1ab:4715,orf1ab:5063,orf1ab:5271,orf1ab:5401,synSNP:17958,orf1ab:6319,S:19,S:614,S:681,S:950,ORF3a:26,ORF3a:33,M:82,N:63,N:203,N:215,N:377,random,random,random,random,random,random,random,random,random,random,random
155,synSNP:3037,orf1ab:1306,orf1ab:2046,orf1ab:2287,orf1ab:2529,synSNP:8986,orf1ab:2930,orf1ab:3255,orf1ab:3646,synSNP:11332,orf1ab:4577,orf1ab:4715,orf1ab:5063,orf1ab:5401,orf1ab:6319,S:19,synSNP:21658,S:95,S:142,S:452,S:478,S:595,S:614,S:681,S:950,ORF3a:26,M:82,ORF7a:82,ORF7a:90,ORF7a:99,ORF7a:120,N:63,N:203,N:215,N:377,random,random,random,random,random,random
156,orf1ab:87,synSNP:3037,orf1ab:1306,synSNP:4423,orf1ab:2046,orf1ab:2287,synSNP:8986,orf1ab:2930,orf1ab:3255,orf1ab:3646,synSNP:11332,orf1ab:4715,orf1ab:5063,orf1ab:5401,orf1ab:6319,synSNP:19524,S:19,S:142,S:452,S:478,S:614,S:681,synSNP:23758,S:950,ORF3a:26,M:82,ORF7a:82,ORF7a:120,N:63,N:96,N:203,N:215,N:377,random,random,random,random,random,random,random,random
157,orf1ab:577,synSNP:3037,orf1ab:1306,orf1ab:2046,orf1ab:2287,orf1ab:2529,synSNP:8986,orf1ab:2930,orf1ab:3255,orf1ab:3646,synSNP:11332,orf1ab:4715,orf1ab:5063,orf1ab:5401,synSNP:17040,orf1ab:6319,S:19,S:95,S:142,S:452,S:478,S:614,S:681,S:950,synSNP:25354,ORF3a:26,M:82,ORF7a:82,ORF7a:99,ORF7a:120,N:63,N:203,N:215,N:377,random,random,random,random,random,random,random
158,synSNP:3037,orf1ab:1306,orf1ab:2046,orf1ab:2287,orf1ab:2529,synSNP:8986,orf1ab:2930,orf1ab:3255,orf1ab:3646,synSNP:11332,orf1ab:4519,orf1ab:4715,orf1ab:5063,orf1ab:5401,synSNP:16954,orf1ab:6319,S:19,S:95,S:142,synSNP:22051,S:452,S:478,S:614,S:681,S:882,S:950,ORF3a:26,M:81,M:82,ORF7a:82,ORF7a:120,N:63,N:203,N:215,N:365,N:377,random,random,random,random,random
159,orf1ab:223,synSNP:3037,orf1ab:1306,orf1ab:2046,orf1ab:2048,orf1ab:2287,synSNP:7840,synSNP:8986,orf1ab:2930,orf1ab:3255,orf1ab:3646,synSNP:11332,orf1ab:4715,orf1ab:5063,orf1ab:5401,orf1ab:6319,S:19,S:51,S:95,S:142,S:452,S:478,S:614,S:681,S:950,synSNP:25003,ORF3a:26,synSNP:25578,synSNP:26625,M:82,ORF7a:82,ORF7a:120,N:63,N:203,N:215,N:377,random,random,random,random,random
160,synSNP:3037,orf1ab:1306,synSNP:4237,synSNP:4795,synSNP:5281,orf1ab:2046,orf1ab:2287,orf1ab:2529,synSNP:8110,synSNP:8986,orf1ab:2930,orf1ab:3255,orf1ab:3646,synSNP:11332,orf1ab:3806,synSNP:13210,orf1ab:4715,synSNP:14742,orf1ab:5063,orf1ab:5401,synSNP:17040,orf1ab:6319,synSNP:20451,S:19,S:95,S:142,S:478,S:614,S:681,S:950,ORF3a:26,M:82,ORF7a:82,ORF7a:120,N:63,N:203,N:215,N:377,random,random,random
161,orf1ab:204,synSNP:3037,orf1ab:1306,orf1ab:2046,orf1ab:2287,orf1ab:2529,synSNP:8986,orf1ab:2930,orf1ab:3255,orf1ab:3646,synSNP:11332,synSNP:13147,orf1ab:4715,synSNP:14724,orf1ab:5063,orf1ab:5401,synSNP:17502,orf1ab:6319,S:19,S:95,S:142,S:452,S:478,S:614,S:681,S:950,ORF3a:26,M:82,ORF7a:82,ORF7a:120,N:63,N:203,N:215,N:377,random,random,random,random,random,random,random
162,orf1ab:287,synSNP:3037,orf1ab:1306,orf1ab:2046,orf1ab:2287,orf1ab:2529,synSNP:8986,orf1ab:2930,orf1ab:3255,orf1ab:3371,orf1ab:3646,synSNP:11332,orf1ab:3705,synSNP:11587,orf1ab:4715,orf1ab:5063,orf1ab:5401,synSNP:17040,orf1ab:6319,S:19,S:95,S:452,S:478,S:614,S:681,S:950,S:1111,ORF3a:26,synSNP:26753,M:82,ORF7a:30,ORF7a:82,ORF7a:120,N:63,N:203,N:215,N:377,random,random,random,random
163,orf1ab:882,synSNP:3037,orf1ab:1306,orf1ab:2046,orf1ab:2287,orf1ab:2529,synSNP:8782,synSNP:8986,orf1ab:2930,orf1ab:3086,orf1ab:3255,orf1ab:3646,synSNP:11332,orf1ab:4715,orf1ab:5063,orf1ab:5401,orf1ab:6319,S:19,S:95,S:142,S:452,S:478,S:614,S:681,S:929,S:950,ORF3a:26,M:82,ORF7a:82,ORF7a:120,ORF8:80,N:63,N:203,N:215,N:377,random,random,random,random,random,random
164,synSNP:292,synSNP:3037,orf1ab:1306,orf1ab:2046,orf1ab:2287,orf1ab:2529,synSNP:8986,orf1ab:2930,orf1ab:3255,orf1ab:3646,synSNP:11332,synSNP:13432,orf1ab:4715,orf1ab:5063,orf1ab:5271,orf1ab:5401,orf1ab:6319,orf1ab:6977,S:19,S:95,S:142,synSNP:22000,S:452,S:478,S:614,S:681,S:950,ORF3a:26,M:82,ORF7a:82,ORF7a:120,N:63,N:203,N:215,N:377,random,random,random,random,random,random
165,orf1ab:426,synSNP:3037,orf1ab:1306,orf1ab:2046,orf1ab:2287,orf1ab:2529,synSNP:8986,orf1ab:2930,orf1ab:3255,orf1ab:3646,synSNP:11332,orf1ab:4715,orf1ab:5063,orf1ab:5401,synSNP:17040,orf1ab:6319,S:19,S:95,S:142,S:452,S:478,S:614,S:681,S:950,ORF3a:26,synSNP:25638,M:82,ORF7a:82,ORF7a:120,N:63,N:203,N:215,N:377,random,random,random,random,random,random,random,random
166,synSNP:1741,synSNP:3037,orf1ab:1306,orf1ab:2046,orf1ab:2287,orf1ab:2529,synSNP:8986,orf1ab:2930,orf1ab:3255,orf1ab:3646,synSNP:11332,orf1ab:4715,orf1ab:4836,orf1ab:5063,orf1ab:5401,orf1ab:6319,S:19,S:95,S:142,S:452,S:478,S:614,S:681,S:950,ORF3a:26,M:82,ORF7a:82,ORF7a:120,N:63,N:203,N:215,N:377,random,random,random,random,random,random,random,random,random
167,orf1ab:522,synSNP:3037,orf1ab:1306,orf1ab:2046,orf1ab:2287,orf1ab:2529,synSNP:8986,orf1ab:2930,orf1ab:3255,orf1ab:3646,synSNP:11332,orf1ab:4715,synSNP:15264,orf1ab:5063,orf1ab:5401,orf1ab:6319,orf1ab:6517,S:19,S:67,S:95,S:142,S:452,S:478,S:614,S:681,S:950,ORF3a:26,synSNP:26319,M:82,ORF7a:82,ORF7a:120,N:32,N:63,N:203,N:215,N:377,random,random,random,random,random
168,synSNP:1741,synSNP:3037,orf1ab:1211,orf1ab:1306,orf1ab:2046,orf1ab:2287,orf1ab:2529,synSNP:8986,orf1ab:2930,orf1ab:3255,orf1ab:3646,synSNP:11332,synSNP:12223,orf1ab:4715,orf1ab:5063,orf1ab:5401,orf1ab:6319,S:19,S:452,S:478,S:614,S:681,S:950,ORF3a:26,ORF3a:266,M:82,ORF7a:82,ORF7a:120,N:63,N:203,N:215,N:377,random,random,random,random,random,random,random,random,random
169,orf1ab:656,synSNP:3037,orf1ab:1306,orf1ab:1803,orf1ab:2046,orf1ab:2048,orf1ab:2287,synSNP:8986,orf1ab:2930,synSNP:9922,orf1ab:3255,orf1ab:3336,orf1ab:3646,synSNP:11332,orf1ab:4715,orf1ab:5063,orf1ab:5300,orf1ab:5401,orf1ab:6319,S:19,S:95,S:142,S:452,S:478,S:614,S:681,S:950,synSNP:25003,ORF3a:26,synSNP:26151,M:82,ORF7a:82,ORF7a:120,N:63,N:203,N:215,N:377,random,random,random,random
170,synSNP:3037,orf1ab:1306,orf1ab:2046,orf1ab:2287,orf1ab:2529,synSNP:8986,orf1ab:2930,orf1ab:3255,orf1ab:3646,synSNP:11332,orf1ab:4715,orf1ab:5063,orf1ab:5401,synSNP:17040,synSNP:18570,orf1ab:6319,orf1ab:7034,S:19,S:95,S:142,S:452,S:478,S:614,S:681,S:950,ORF3a:26,ORF3a:151,M:82,ORF7a:82,ORF7a:120,N:63,N:203,N:215,N:377,random,random,random,random,random,random,random
171,orf1ab:100,synSNP:3037,orf1ab:1114,orf1ab:1306,orf1ab:2046,orf1ab:2287,orf1ab:2529,synSNP:8986,orf1ab:2930,orf1ab:3255,orf1ab:3646,synSNP:11332,orf1ab:4715,orf1ab:5063,orf1ab:5401,synSNP:17040,synSNP:18570,orf1ab:6319,S:19,S:95,S:142,synSNP:22348,S:452,S:478,S:494,S:614,S:615,S:681,S:950,ORF3a:26,M:82,ORF7a:82,ORF7a:120,N:63,N:203,N:215,N:377,random,random,random,random
172,synSNP:3037,orf1ab:992,orf1ab:1306,orf1ab:2046,orf1ab:2287,orf1ab:2529,synSNP:8986,orf1ab:2930,orf1ab:3255,orf1ab:3646,synSNP:11332,orf1ab:4715,orf1ab:5063,orf1ab:5401,synSNP:17040,synSNP:18264,orf1ab:6319,S:19,S:95,S:142,S:145,S:222,S:452,S:478,S:614,S:681,S:950,ORF3a:26,synSNP:25614,M:82,ORF7a:82,ORF7a:120,N:63,N:203,N:215,N:377,random,random,random,random,random
173,synSNP:3028,synSNP:3037,orf1ab:1306,orf1ab:2046,orf1ab:2273,orf1ab:2287,synSNP:8986,orf1ab:2930,orf1ab:3255,orf1ab:3646,synSNP:11332,orf1ab:4715,synSNP:14676,orf1ab:5063,orf1ab:5401,orf1ab:6140,orf1ab:6319,S:19,S:435,S:452,S:478,S:614,S:681,S:950,synSNP:24928,ORF3a:26,M:82,ORF7a:82,ORF7a:120,ORF8:90,N:63,N:203,N:215,N:327,N:377,random,random,random,random,random,random
174,synSNP:3037,synSNP:3076,orf1ab:1306,synSNP:5629,orf1ab:2046,orf1ab:2287,synSNP:8446,synSNP:8986,orf1ab:2926,orf1ab:2930,orf1ab:3255,orf1ab:3646,synSNP:11332,orf1ab:4715,orf1ab:5063,orf1ab:5401,orf1ab:6319,S:19,S:142,S:452,S:478,S:614,S:681,S:950,synSNP:24928,ORF3a:26,M:82,ORF7a:82,ORF7a:120,N:63,N:203,N:215,N:327,N:377,random,random,random,random,random,random,random
175,orf1ab:592,synSNP:3037,orf1ab:1306,orf1ab:2046,orf1ab:2287,orf1ab:2529,synSNP:8986,orf1ab:2930,synSNP:10018,orf1ab:3255,orf1ab:3646,synSNP:11332,orf1ab:4715,orf1ab:5063,orf1ab:5401,orf1ab:6120,orf1ab:6319,S:19,S:95,S:452,S:478,S:614,S:681,ORF3a:26,M:82,ORF7a:82,ORF7a:120,N:63,N:203,N:215,synSNP:29353,N:377,ORF10:29,random,random,random,random,random,random,random,random
176,synSNP:3037,orf1ab:1306,orf1ab:1909,synSNP:6040,orf1ab:2046,orf1ab:2287,synSNP:7675,orf1ab:2529,synSNP:8986,orf1ab:2930,orf1ab:3255,synSNP:10543,orf1ab:3646,synSNP:11332,synSNP:11758,synSNP:13488,orf1ab:4715,orf1ab:5063,orf1ab:5401,orf1ab:6206,orf1ab:6319,S:19,S:95,synSNP:22459,S:452,S:478,S:614,S:681,S:950,ORF3a:26,M:46,M:82,ORF7a:82,ORF7a:120,N:63,N:203,N:215,N:377,random,random,random
177,synSNP:2944,synSNP:3037,orf1ab:1306,orf1ab:2046,orf1ab:2287,synSNP:8986,orf1ab:2930,orf1ab:3255,orf1ab:3646,synSNP:11332,synSNP:11365,orf1ab:4151,synSNP:13372,orf1ab:4715,orf1ab:5063,synSNP:15882,synSNP:15888,orf1ab:5401,orf1ab:6319,S:19,S:142,S:452,S:478,S:614,S:681,S:950,synSNP:24457,ORF3a:26,M:82,ORF7a:58,ORF7a:79,ORF7a:82,ORF7a:120,N:63,N:203,N:215,N:377,random,random,random,random
178,synSNP:427,orf1ab:519,synSNP:3037,orf1ab:1306,synSNP:4237,orf1ab:2046,orf1ab:2287,orf1ab:2529,synSNP:8986,orf1ab:2930,orf1ab:3255,orf1ab:3645,orf1ab:3646,synSNP:11332,synSNP:11620,orf1ab:4715,orf1ab:5063,orf1ab:5401,synSNP:17040,orf1ab:6319,S:19,S:26,S:95,S:142,S:452,S:478,S:614,S:681,S:950,ORF3a:26,synSNP:26022,M:82,ORF7a:82,ORF7a:120,N:63,synSNP:28498,N:203,N:215,N:377,random,random
179,synSNP:3037,orf1ab:1306,orf1ab:2046,orf1ab:2287,orf1ab:2529,synSNP:8986,orf1ab:2930,orf1ab:3255,orf1ab:3646,synSNP:11332,orf1ab:4715,orf1ab:5063,orf1ab:5401,orf1ab:5978,synSNP:18348,orf1ab:6319,orf1ab:7014,S:19,S:95,synSNP:22051,S:452,S:478,S:614,S:681,S:950,ORF3a:26,M:82,synSNP:27384,ORF7a:82,ORF7a:120,N:63,N:203,N:215,N:377,random,random,random,random,random,random,random
180,synSNP:3037,orf1ab:1306,orf1ab:2046,orf1ab:2287,orf1ab:2529,synSNP:8986,orf1ab:2930,orf1ab:3255,orf1ab:3646,synSNP:11332,orf1ab:4715,orf1ab:5063,orf1ab:5122,orf1ab:5401,orf1ab:6319,S:19,S:95,S:142,S:452,S:478,S:614,S:681,S:950,ORF3a:26,M:82,ORF7a:82,ORF7a:120,N:63,N:203,N:215,N:377,synSNP:29449,random,random,random,random,random,random,random,random,random
181,orf1ab:885,synSNP:3037,orf1ab:1306,synSNP:4237,orf1ab:2046,orf1ab:2287,orf1ab:2529,synSNP:8986,orf1ab:2930,orf1ab:3255,synSNP:11332,orf1ab:3704,orf1ab:4715,orf1ab:5063,orf1ab:5401,synSNP:17040,orf1ab:6319,S:19,S:253,S:452,S:478,S:614,S:681,ORF3a:26,synSNP:25983,M:82,ORF7a:82,ORF7a:120,N:63,N:203,N:215,N:377,random,random,random,random,random,random,random,random,random
182,synSNP:3037,orf1ab:1306,orf1ab:2046,orf1ab:2287,orf1ab:2529,orf1ab:2793,synSNP:8986,orf1ab:2930,orf1ab:3255,orf1ab:3646,synSNP:11332,orf1ab:4715,orf1ab:5063,orf1ab:5401,orf1ab:6319,S:19,S:95,S:142,S:452,S:478,S:614,S:681,S:950,synSNP:25123,ORF3a:26,M:82,ORF7a:82,ORF7a:120,N:63,N:203,N:215,N:377,random,random,random,random,random,random,random,random,random
183,synSNP:3037,orf1ab:1306,orf1ab:2046,orf1ab:2287,orf1ab:2529,synSNP:8986,orf1ab:2930,orf1ab:3255,orf1ab:3646,synSNP:11332,orf1ab:4715,orf1ab:5063,orf1ab:5401,orf1ab:6319,S:19,S:95,S:142,S:452,S:478,S:614,S:681,S:950,ORF3a:26,M:82,ORF7a:82,ORF7a:120,N:63,N:203,N:215,N:377,random,random,random,random,random,random,random,random,random,random,random
184,orf1ab:87,synSNP:556,synSNP:1831,synSNP:3037,orf1ab:1306,synSNP:4423,orf1ab:2046,orf1ab:2287,synSNP:8290,synSNP:8986,orf1ab:2930,orf1ab:3255,orf1ab:3646,synSNP:11332,orf1ab:4352,orf1ab:4715,orf1ab:5063,orf1ab:5401,orf1ab:6319,synSNP:19524,S:19,S:452,S:478,S:614,S:681,synSNP:23758,S:950,ORF3a:26,M:82,ORF7a:82,ORF7a:120,N:63,N:96,N:203,N:215,N:377,random,random,random,random,random
185,synSNP:3037,orf1ab:1219,orf1ab:1306,synSNP:4237,orf1ab:1559,orf1ab:2003,orf1ab:2046,orf1ab:2287,orf1ab:2529,orf1ab:2766,synSNP:8986,orf1ab:2930,orf1ab:3255,orf1ab:3646,synSNP:11332,orf1ab:4715,orf1ab:5063,orf1ab:5401,orf1ab:5451,synSNP:17040,orf1ab:6067,orf1ab:6319,S:19,S:95,S:452,S:478,S:614,S:681,S:950,ORF3a:26,M:82,ORF7a:82,ORF7a:120,N:63,N:203,N:215,N:377,random,random,random,random
186,synSNP:3037,orf1ab:945,orf1ab:1306,orf1ab:2046,orf1ab:2287,orf1ab:2529,synSNP:8986,orf1ab:2930,orf1ab:3255,orf1ab:3351,orf1ab:3646,synSNP:11332,synSNP:12473,orf1ab:4621,orf1ab:4715,orf1ab:5063,orf1ab:5271,orf1ab:5401,orf1ab:6129,orf1ab:6319,S:19,S:95,S:452,S:478,S:614,S:681,S:950,ORF3a:26,ORF3a:225,M:82,ORF7a:73,ORF7a:82,ORF7a:120,N:63,N:203,N:215,N:377,random,random,random,random
187,synSNP:3037,orf1ab:1306,orf1ab:2046,orf1ab:2287,orf1ab:2529,synSNP:8986,orf1ab:2930,orf1ab:3224,orf1ab:3255,orf1ab:3646,synSNP:11332,orf1ab:4715,orf1ab:5063,orf1ab:5401,orf1ab:6319,S:19,S:95,S:142,S:452,S:478,S:614,S:681,synSNP:23677,S:950,ORF3a:26,M:82,ORF7a:82,ORF7a:120,N:63,N:165,N:203,N:215,N:377,random,random,random,random,random,random,random,random
188,synSNP:1741,synSNP:3037,synSNP:3406,orf1ab:1211,orf1ab:1306,orf1ab:2046,orf1ab:2287,orf1ab:2529,synSNP:8986,orf1ab:2930,orf1ab:3255,orf1ab:3646,synSNP:11332,orf1ab:4715,orf1ab:5063,orf1ab:5401,orf1ab:6319,S:19,S:95,S:452,S:478,S:614,S:681,S:950,ORF3a:26,M:82,ORF7a:82,ORF7a:120,N:63,N:203,N:215,N:377,random,random,random,random,random,random,random,random,random
189,synSNP:3037,orf1ab:1306,synSNP:4237,orf1ab:2046,orf1ab:2287,orf1ab:2529,synSNP:8986,orf1ab:2930,orf1ab:3255,orf1ab:3606,orf1ab:3646,synSNP:11332,orf1ab:4715,orf1ab:5063,orf1ab:5401,orf1ab:5488,synSNP:17040,orf1ab:6319,S:19,S:95,S:142,S:452,S:478,S:614,S:681,S:950,ORF3a:26,M:82,ORF7a:82,ORF7a:120,N:63,N:203,N:215,N:362,N:377,random,random,random,random,random,random
190,orf1ab:691,synSNP:3037,orf1ab:1171,orf1ab:1306,orf1ab:2046,orf1ab:2287,synSNP:8986,orf1ab:2930,orf1ab:3255,orf1ab:3646,synSNP:11332,orf1ab:4715,orf1ab:5063,orf1ab:5401,orf1ab:5689,orf1ab:6319,S:19,S:142,S:452,S:478,S:614,S:681,S:950,ORF3a:26,ORF3a:49,M:82,ORF7a:82,ORF7a:120,N:63,synSNP:28531,N:203,N:215,N:377,random,random,random,random,random,random,random,random
191,synSNP:3037,orf1ab:1306,orf1ab:2046,orf1ab:2287,orf1ab:2529,synSNP:8986,orf1ab:2930,orf1ab:3255,orf1ab:3646,synSNP:11332,orf1ab:4715,orf1ab:5063,orf1ab:5401,synSNP:17040,orf1ab:6319,S:19,S:452,S:478,S:614,S:681,S:836,S:950,ORF3a:26,M:82,synSNP:27631,ORF7a:82,ORF7a:120,N:63,N:203,N:215,N:377,random,random,random,random,random,random,random,random,random,random
192,synSNP:3037,orf1ab:1046,orf1ab:1306,synSNP:4237,orf1ab:2046,orf1ab:2047,orf1ab:2287,orf1ab:2529,synSNP:8986,orf1ab:2930,orf1ab:3061,orf1ab:3255,orf1ab:3646,synSNP:11332,orf1ab:4715,orf1ab:5063,orf1ab:5401,synSNP:17040,orf1ab:6300,orf1ab:6319,S:19,S:452,S:478,S:614,S:681,S:950,ORF3a:26,M:82,ORF7a:82,ORF7a:120,N:63,N:203,N:215,N:377,random,random,random,random,random,random,random
193,orf1ab:49,synSNP:1741,synSNP:3037,orf1ab:1211,orf1ab:1240,synSNP:4024,orf1ab:1306,orf1ab:2046,orf1ab:2287,orf1ab:2529,synSNP:8986,orf1ab:2930,orf1ab:3255,orf1ab:3646,synSNP:11332,synSNP:12223,orf1ab:4715,orf1ab:5063,orf1ab:5401,orf1ab:6319,S:19,S:95,S:142,S:452,S:478,S:614,S:681,S:950,ORF3a:26,ORF3a:266,M:82,ORF7a:82,ORF7a:120,N:63,N:203,N:215,N:325,N:377,random,random,random
194,orf1ab:691,synSNP:3037,orf1ab:1306,orf1ab:2046,orf1ab:2287,synSNP:8986,orf1ab:2930,orf1ab:3255,orf1ab:3646,synSNP:11332,orf1ab:4715,orf1ab:5063,orf1ab:5401,orf1ab:5689,orf1ab:6319,S:19,S:142,S:452,S:478,S:614,S:681,S:950,ORF3a:26,M:82,ORF7a:82,ORF7a:120,N:63,N:203,N:215,N:377,random,random,random,random,random,random,random,random,random,random,random
195,orf1ab:87,synSNP:598,synSNP:3037,orf1ab:1306,orf1ab:2046,orf1ab:2287,orf1ab:2418,synSNP:8140,synSNP:8986,orf1ab:2930,orf1ab:3255,orf1ab:3606,orf1ab:3646,synSNP:11332,synSNP:12775,orf1ab:4715,orf1ab:5063,orf1ab:5223,orf1ab:5401,orf1ab:6319,synSNP:19524,orf1ab:6688,synSNP:20799,orf1ab:6986,S:19,S:452,S:478,S:614,S:681,S:950,ORF3a:26,ORF3a:58,M:82,ORF7a:82,ORF7a:120,synSNP:27998,N:63,N:203,N:215,N:377,random
196,synSNP:3037,orf1ab:1306,synSNP:4237,orf1ab:2046,orf1ab:2287,orf1ab:2529,synSNP:8986,orf1ab:2930,orf1ab:3255,orf1ab:3646,synSNP:11332,synSNP:13210,orf1ab:4715,orf1ab:5063,orf1ab:5401,synSNP:17040,orf1ab:6319,S:19,S:95,S:142,S:452,synSNP:22993,S:478,S:614,S:681,S:950,S:1117,ORF3a:26,M:82,ORF7a:82,ORF7a:120,N:63,N:203,N:215,N:377,random,random,random,random,random,random
197,synSNP:3037,orf1ab:1306,orf1ab:2046,orf1ab:2287,synSNP:8986,orf1ab:2930,orf1ab:3059,orf1ab:3255,orf1ab:3646,synSNP:11332,orf1ab:4715,synSNP:14457,orf1ab:5063,orf1ab:5401,orf1ab:5997,orf1ab:6319,synSNP:19563,synSNP:19602,orf1ab:6949,S:19,S:95,S:142,synSNP:22498,S:452,S:478,S:614,S:677,S:681,S:950,ORF3a:26,synSNP:26109,synSNP:26681,M:82,synSNP:27014,ORF7a:82,ORF7a:120,N:63,N:203,N:215,N:377,random
198,synSNP:3037,orf1ab:1306,orf1ab:2046,orf1ab:2287,synSNP:8986,orf1ab:2930,orf1ab:2996,orf1ab:3255,orf1ab:3606,orf1ab:3646,synSNP:11332,orf1ab:4715,orf1ab:5063,orf1ab:5401,orf1ab:6319,S:19,S:142,S:452,S:478,S:614,S:681,S:950,ORF3a:26,ORF3a:180,synSNP:26720,synSNP:26750,M:82,ORF7a:82,ORF7a:120,ORF8:33,N:63,synSNP:28735,N:203,N:215,N:377,random,random,random,random,random,random
199,orf1ab:814,synSNP:3037,orf1ab:1306,orf1ab:2046,orf1ab:2287,orf1ab:2529,synSNP:8986,orf1ab:2930,synSNP:9085,synSNP:9430,orf1ab:3255,orf1ab:3646,synSNP:11332,orf1ab:4182,orf1ab:4715,orf1ab:5063,orf1ab:5401,synSNP:17040,orf1ab:6319,S:19,S:95,S:142,S:452,S:478,S:614,S:681,S:950,ORF3a:26,M:82,ORF7a:5,ORF7a:82,ORF7a:120,N:63,N:203,N:215,N:377,random,random,random,random,random
